PRAGMA foreign_keys=OFF;
BEGIN TRANSACTION;
CREATE TABLE users (
	id INTEGER NOT NULL, 
	email VARCHAR NOT NULL, 
	hashed_password VARCHAR NOT NULL, 
	full_name VARCHAR, 
	role VARCHAR NOT NULL, 
	is_active BOOLEAN, 
	created_at DATETIME DEFAULT (CURRENT_TIMESTAMP), 
	updated_at DATETIME, 
	PRIMARY KEY (id)
);
INSERT INTO users VALUES(2,'test@test.com','$2b$12$QyXeBvgQqrj1Ek8jERGO0OWkGYnX.V.34bg2s68vvfsOqI/5UGTaC','Test User','student',1,'2025-06-01 14:42:10',NULL);
INSERT INTO users VALUES(4,'soma@gmail.com','$2b$12$tCvv7qlD2uCtXBotpUtLFuKAOJSFQN84crA.y47jSsWaC196Cyp9m','Самат Беков','student',1,'2025-06-01 19:47:18',NULL);
INSERT INTO users VALUES(5,'test@example.com','$2b$12$HMdkydSgNlDC.mOAS1dSnuTDkfKDhxpw1o67NVpZVJbt7XRBPaWm2','Тестовый Пользователь','student',1,'2025-06-01 20:57:51',NULL);
INSERT INTO users VALUES(6,'test@test.ru','$2b$12$eLRtpY5RXBBZ6k4oouKl6OL63nyVAJEfjaq2vcKs.0WJBIBBq/gTC','Test User','student',1,'2025-06-01 21:55:22',NULL);
INSERT INTO users VALUES(7,'admin@test.ru','$2b$12$u2.ICpnQkz4rTKn7fXvg8.5h8th6Xkit.mTnszs.OWNEE6k3BIrri','Администратор','student',1,'2025-06-02 10:54:54',NULL);
INSERT INTO users VALUES(8,'admin@maroai.com','$2b$12$iAI4TVJJgOjuKi0D27sXYuEBbzZJGUn6tBm0GAtMa5UxK0l0gjli6','Администратор','admin',1,'2025-06-02 14:28:52',NULL);
INSERT INTO users VALUES(9,'marguberk@gmail.com','$2b$12$XlGSvjE90j2rGeRfHgKQKOKFzHc2tVXAgcCMGr3TjZf.Vh05w50/e','Маргулан Бекмырзаев','student',1,'2025-06-02 14:31:23',NULL);
INSERT INTO users VALUES(10,'margusberk@gmail.com','$2b$12$vQb1jcb7Rwj3K4uLJ0r45unipj8FuQFD.sUzkr9m03TfNZQEKfGgq','Маргулан Беркинбаев','student',1,'2025-06-02 14:33:48',NULL);
CREATE TABLE soft_skills (
	id INTEGER NOT NULL, 
	name VARCHAR NOT NULL, 
	category VARCHAR(22) NOT NULL, 
	description TEXT, 
	created_at DATETIME DEFAULT (CURRENT_TIMESTAMP), 
	PRIMARY KEY (id)
);
INSERT INTO soft_skills VALUES(1,'Коммуникация','COMMUNICATION','Способность эффективно общаться с другими людьми','2025-06-01 13:04:25');
INSERT INTO soft_skills VALUES(2,'Лидерство','LEADERSHIP','Умение вести за собой и мотивировать команду','2025-06-01 13:04:25');
INSERT INTO soft_skills VALUES(3,'Командная работа','TEAMWORK','Способность работать в команде и сотрудничать','2025-06-01 13:04:25');
INSERT INTO soft_skills VALUES(4,'Решение проблем','PROBLEM_SOLVING','Умение находить решения сложных задач','2025-06-01 13:04:25');
INSERT INTO soft_skills VALUES(5,'Управление временем','TIME_MANAGEMENT','Способность эффективно планировать и распределять время','2025-06-01 13:04:25');
INSERT INTO soft_skills VALUES(6,'Эмоциональный интеллект','EMOTIONAL_INTELLIGENCE','Понимание и управление эмоциями','2025-06-01 13:04:25');
CREATE TABLE skill_questions (
	id INTEGER NOT NULL, 
	skill_id INTEGER NOT NULL, 
	question_text TEXT NOT NULL, 
	question_type VARCHAR, 
	is_active BOOLEAN, 
	order_index INTEGER, 
	created_at DATETIME DEFAULT (CURRENT_TIMESTAMP), 
	PRIMARY KEY (id), 
	FOREIGN KEY(skill_id) REFERENCES soft_skills (id)
);
INSERT INTO skill_questions VALUES(1,1,'Как часто вы активно слушаете собеседника в разговоре?','multiple_choice',1,1,'2025-06-01 13:04:25');
INSERT INTO skill_questions VALUES(2,1,'Насколько легко вам объяснить сложную идею простыми словами?','multiple_choice',1,2,'2025-06-01 13:04:25');
INSERT INTO skill_questions VALUES(3,1,'Как вы обычно реагируете на критику?','multiple_choice',1,3,'2025-06-01 13:04:25');
INSERT INTO skill_questions VALUES(4,2,'Как часто другие обращаются к вам за советом или руководством?','multiple_choice',1,4,'2025-06-01 13:04:25');
INSERT INTO skill_questions VALUES(5,2,'Насколько легко вам мотивировать других людей?','multiple_choice',1,5,'2025-06-01 13:04:25');
INSERT INTO skill_questions VALUES(6,3,'Как вы относитесь к работе в команде?','multiple_choice',1,6,'2025-06-01 13:04:25');
INSERT INTO skill_questions VALUES(7,3,'Как часто вы помогаете коллегам с их задачами?','multiple_choice',1,7,'2025-06-01 13:04:25');
INSERT INTO skill_questions VALUES(8,4,'Как вы подходите к решению сложных проблем?','multiple_choice',1,8,'2025-06-01 13:04:25');
INSERT INTO skill_questions VALUES(9,4,'Насколько творчески вы подходите к решению задач?','multiple_choice',1,9,'2025-06-01 13:04:25');
INSERT INTO skill_questions VALUES(10,5,'Как часто вы сдаете работу в срок?','multiple_choice',1,10,'2025-06-01 13:04:25');
INSERT INTO skill_questions VALUES(11,5,'Насколько хорошо вы планируете свой день?','multiple_choice',1,11,'2025-06-01 13:04:25');
INSERT INTO skill_questions VALUES(12,6,'Насколько хорошо вы понимаете эмоции других людей?','multiple_choice',1,12,'2025-06-01 13:04:25');
INSERT INTO skill_questions VALUES(13,6,'Как вы управляете своими эмоциями в стрессовых ситуациях?','multiple_choice',1,13,'2025-06-01 13:04:25');
CREATE TABLE skill_assessments (
	id INTEGER NOT NULL, 
	user_id INTEGER NOT NULL, 
	is_completed BOOLEAN, 
	started_at DATETIME DEFAULT (CURRENT_TIMESTAMP), 
	completed_at DATETIME, 
	total_score INTEGER, 
	PRIMARY KEY (id), 
	FOREIGN KEY(user_id) REFERENCES users (id)
);
INSERT INTO skill_assessments VALUES(1,1,1,'2025-06-01 13:05:59','2025-06-01 13:06:11.585738',60);
INSERT INTO skill_assessments VALUES(2,4,1,'2025-06-01 19:47:27','2025-06-01 19:50:00.334685',79);
INSERT INTO skill_assessments VALUES(3,1,1,'2025-06-02 10:57:14','2025-06-02 11:12:32.618033',60);
INSERT INTO skill_assessments VALUES(4,10,1,'2025-06-02 14:35:39','2025-06-02 14:35:51.645309',59);
INSERT INTO skill_assessments VALUES(5,10,0,'2025-06-02 16:27:02',NULL,0);
CREATE TABLE modules (
	id INTEGER NOT NULL, 
	title VARCHAR NOT NULL, 
	description TEXT, 
	"order" INTEGER, 
	course_id INTEGER, 
	created_at DATETIME DEFAULT (CURRENT_TIMESTAMP), 
	updated_at DATETIME, 
	PRIMARY KEY (id), 
	FOREIGN KEY(course_id) REFERENCES courses (id)
);
INSERT INTO modules VALUES(1,'Основы эффективной коммуникации','Фундаментальные навыки общения в профессиональной среде',1,1,'2025-06-02 09:58:13',NULL);
INSERT INTO modules VALUES(2,'Основы эффективной коммуникации','Фундаментальные навыки общения в профессиональной среде',1,1,'2025-06-02 09:58:39',NULL);
CREATE TABLE question_options (
	id INTEGER NOT NULL, 
	question_id INTEGER NOT NULL, 
	option_text TEXT NOT NULL, 
	score_weight INTEGER, 
	order_index INTEGER, 
	PRIMARY KEY (id), 
	FOREIGN KEY(question_id) REFERENCES skill_questions (id)
);
INSERT INTO question_options VALUES(1,1,'Всегда внимательно слушаю',5,1);
INSERT INTO question_options VALUES(2,1,'Часто слушаю',4,2);
INSERT INTO question_options VALUES(3,1,'Иногда отвлекаюсь',3,3);
INSERT INTO question_options VALUES(4,1,'Редко слушаю внимательно',2,4);
INSERT INTO question_options VALUES(5,1,'Почти никогда',1,5);
INSERT INTO question_options VALUES(6,2,'Очень легко',5,1);
INSERT INTO question_options VALUES(7,2,'Довольно легко',4,2);
INSERT INTO question_options VALUES(8,2,'Средне',3,3);
INSERT INTO question_options VALUES(9,2,'Довольно сложно',2,4);
INSERT INTO question_options VALUES(10,2,'Очень сложно',1,5);
INSERT INTO question_options VALUES(11,3,'Принимаю конструктивно и использую для улучшения',5,1);
INSERT INTO question_options VALUES(12,3,'Выслушиваю и анализирую',4,2);
INSERT INTO question_options VALUES(13,3,'Иногда защищаюсь',3,3);
INSERT INTO question_options VALUES(14,3,'Часто воспринимаю негативно',2,4);
INSERT INTO question_options VALUES(15,3,'Всегда защищаюсь',1,5);
INSERT INTO question_options VALUES(16,4,'Очень часто',5,1);
INSERT INTO question_options VALUES(17,4,'Часто',4,2);
INSERT INTO question_options VALUES(18,4,'Иногда',3,3);
INSERT INTO question_options VALUES(19,4,'Редко',2,4);
INSERT INTO question_options VALUES(20,4,'Никогда',1,5);
INSERT INTO question_options VALUES(21,5,'Очень легко',5,1);
INSERT INTO question_options VALUES(22,5,'Довольно легко',4,2);
INSERT INTO question_options VALUES(23,5,'Средне',3,3);
INSERT INTO question_options VALUES(24,5,'Довольно сложно',2,4);
INSERT INTO question_options VALUES(25,5,'Очень сложно',1,5);
INSERT INTO question_options VALUES(26,6,'Очень нравится, работаю эффективно',5,1);
INSERT INTO question_options VALUES(27,6,'Нравится, хорошо сотрудничаю',4,2);
INSERT INTO question_options VALUES(28,6,'Нормально, могу работать',3,3);
INSERT INTO question_options VALUES(29,6,'Не очень нравится',2,4);
INSERT INTO question_options VALUES(30,6,'Предпочитаю работать один',1,5);
INSERT INTO question_options VALUES(31,7,'Всегда готов помочь',5,1);
INSERT INTO question_options VALUES(32,7,'Часто помогаю',4,2);
INSERT INTO question_options VALUES(33,7,'Иногда помогаю',3,3);
INSERT INTO question_options VALUES(34,7,'Редко помогаю',2,4);
INSERT INTO question_options VALUES(35,7,'Сосредоточен только на своих задачах',1,5);
INSERT INTO question_options VALUES(36,8,'Анализирую систематически и рассматриваю все варианты',5,1);
INSERT INTO question_options VALUES(37,8,'Обдумываю несколько подходов',4,2);
INSERT INTO question_options VALUES(38,8,'Пробую разные способы',3,3);
INSERT INTO question_options VALUES(39,8,'Использую первый пришедший в голову способ',2,4);
INSERT INTO question_options VALUES(40,8,'Откладываю или избегаю',1,5);
INSERT INTO question_options VALUES(41,9,'Всегда ищу нестандартные решения',5,1);
INSERT INTO question_options VALUES(42,9,'Часто проявляю креативность',4,2);
INSERT INTO question_options VALUES(43,9,'Иногда думаю творчески',3,3);
INSERT INTO question_options VALUES(44,9,'Редко использую креативный подход',2,4);
INSERT INTO question_options VALUES(45,9,'Всегда использую стандартные методы',1,5);
INSERT INTO question_options VALUES(46,10,'Всегда',5,1);
INSERT INTO question_options VALUES(47,10,'Почти всегда',4,2);
INSERT INTO question_options VALUES(48,10,'Обычно',3,3);
INSERT INTO question_options VALUES(49,10,'Иногда опаздываю',2,4);
INSERT INTO question_options VALUES(50,10,'Часто опаздываю',1,5);
INSERT INTO question_options VALUES(51,11,'Всегда составляю детальный план',5,1);
INSERT INTO question_options VALUES(52,11,'Обычно планирую основные задачи',4,2);
INSERT INTO question_options VALUES(53,11,'Иногда планирую',3,3);
INSERT INTO question_options VALUES(54,11,'Редко планирую заранее',2,4);
INSERT INTO question_options VALUES(55,11,'Никогда не планирую',1,5);
INSERT INTO question_options VALUES(56,12,'Очень хорошо чувствую настроение окружающих',5,1);
INSERT INTO question_options VALUES(57,12,'Довольно хорошо понимаю',4,2);
INSERT INTO question_options VALUES(58,12,'Иногда улавливаю',3,3);
INSERT INTO question_options VALUES(59,12,'Редко замечаю',2,4);
INSERT INTO question_options VALUES(60,12,'Почти не обращаю внимания',1,5);
INSERT INTO question_options VALUES(61,13,'Всегда сохраняю спокойствие',5,1);
INSERT INTO question_options VALUES(62,13,'Обычно контролирую эмоции',4,2);
INSERT INTO question_options VALUES(63,13,'Иногда теряю контроль',3,3);
INSERT INTO question_options VALUES(64,13,'Часто эмоционально реагирую',2,4);
INSERT INTO question_options VALUES(65,13,'Почти всегда теряю контроль',1,5);
CREATE TABLE user_skill_assessments (
	id INTEGER NOT NULL, 
	assessment_id INTEGER NOT NULL, 
	skill_id INTEGER NOT NULL, 
	score INTEGER NOT NULL, 
	level VARCHAR(12) NOT NULL, 
	recommendations TEXT, 
	created_at DATETIME DEFAULT (CURRENT_TIMESTAMP), 
	PRIMARY KEY (id), 
	FOREIGN KEY(assessment_id) REFERENCES skill_assessments (id), 
	FOREIGN KEY(skill_id) REFERENCES soft_skills (id)
);
INSERT INTO user_skill_assessments VALUES(1,1,1,87,'EXPERT','Экспертный уровень коммуникация! Рассмотрите возможность наставничества.','2025-06-01 13:06:11');
INSERT INTO user_skill_assessments VALUES(2,1,2,80,'ADVANCED','Отличный уровень лидерство! Можете помогать другим и углублять знания.','2025-06-01 13:06:11');
INSERT INTO user_skill_assessments VALUES(3,1,3,40,'BEGINNER','Рекомендуем изучить основы командная работа. Начните с базовых курсов.','2025-06-01 13:06:11');
INSERT INTO user_skill_assessments VALUES(4,1,4,50,'INTERMEDIATE','У вас средний уровень решение проблем. Изучите продвинутые техники.','2025-06-01 13:06:11');
INSERT INTO user_skill_assessments VALUES(5,1,5,60,'INTERMEDIATE','У вас средний уровень управление временем. Изучите продвинутые техники.','2025-06-01 13:06:11');
INSERT INTO user_skill_assessments VALUES(6,1,6,40,'BEGINNER','Рекомендуем изучить основы эмоциональный интеллект. Начните с базовых курсов.','2025-06-01 13:06:11');
INSERT INTO user_skill_assessments VALUES(7,2,1,73,'ADVANCED','Отличный уровень коммуникация! Можете помогать другим и углублять знания.','2025-06-01 19:50:00');
INSERT INTO user_skill_assessments VALUES(8,2,2,70,'ADVANCED','Отличный уровень лидерство! Можете помогать другим и углублять знания.','2025-06-01 19:50:00');
INSERT INTO user_skill_assessments VALUES(9,2,3,60,'INTERMEDIATE','У вас средний уровень командная работа. Изучите продвинутые техники.','2025-06-01 19:50:00');
INSERT INTO user_skill_assessments VALUES(10,2,4,80,'ADVANCED','Отличный уровень решение проблем! Можете помогать другим и углублять знания.','2025-06-01 19:50:00');
INSERT INTO user_skill_assessments VALUES(11,2,5,90,'EXPERT','Экспертный уровень управление временем! Рассмотрите возможность наставничества.','2025-06-01 19:50:00');
INSERT INTO user_skill_assessments VALUES(12,2,6,100,'EXPERT','Экспертный уровень эмоциональный интеллект! Рассмотрите возможность наставничества.','2025-06-01 19:50:00');
INSERT INTO user_skill_assessments VALUES(13,3,1,60,'INTERMEDIATE','У вас средний уровень коммуникация. Изучите продвинутые техники.','2025-06-02 11:12:32');
INSERT INTO user_skill_assessments VALUES(14,3,2,70,'ADVANCED','Отличный уровень лидерство! Можете помогать другим и углублять знания.','2025-06-02 11:12:32');
INSERT INTO user_skill_assessments VALUES(15,3,3,70,'ADVANCED','Отличный уровень командная работа! Можете помогать другим и углублять знания.','2025-06-02 11:12:32');
INSERT INTO user_skill_assessments VALUES(16,3,4,50,'INTERMEDIATE','У вас средний уровень решение проблем. Изучите продвинутые техники.','2025-06-02 11:12:32');
INSERT INTO user_skill_assessments VALUES(17,3,5,70,'ADVANCED','Отличный уровень управление временем! Можете помогать другим и углублять знания.','2025-06-02 11:12:32');
INSERT INTO user_skill_assessments VALUES(18,3,6,40,'BEGINNER','Рекомендуем изучить основы эмоциональный интеллект. Начните с базовых курсов.','2025-06-02 11:12:32');
INSERT INTO user_skill_assessments VALUES(19,4,1,53,'INTERMEDIATE','У вас средний уровень коммуникация. Изучите продвинутые техники.','2025-06-02 14:35:51');
INSERT INTO user_skill_assessments VALUES(20,4,2,70,'ADVANCED','Отличный уровень лидерство! Можете помогать другим и углублять знания.','2025-06-02 14:35:51');
INSERT INTO user_skill_assessments VALUES(21,4,3,70,'ADVANCED','Отличный уровень командная работа! Можете помогать другим и углублять знания.','2025-06-02 14:35:51');
INSERT INTO user_skill_assessments VALUES(22,4,4,60,'INTERMEDIATE','У вас средний уровень решение проблем. Изучите продвинутые техники.','2025-06-02 14:35:51');
INSERT INTO user_skill_assessments VALUES(23,4,5,80,'ADVANCED','Отличный уровень управление временем! Можете помогать другим и углублять знания.','2025-06-02 14:35:51');
INSERT INTO user_skill_assessments VALUES(24,4,6,60,'INTERMEDIATE','У вас средний уровень эмоциональный интеллект. Изучите продвинутые техники.','2025-06-02 14:35:51');
CREATE TABLE lessons (
	id INTEGER NOT NULL, 
	title VARCHAR NOT NULL, 
	content TEXT, 
	"order" INTEGER, 
	module_id INTEGER, 
	created_at DATETIME DEFAULT (CURRENT_TIMESTAMP), 
	updated_at DATETIME, 
	PRIMARY KEY (id), 
	FOREIGN KEY(module_id) REFERENCES modules (id)
);
INSERT INTO lessons VALUES(1,'Введение в эффективную коммуникацию',replace('# Введение в эффективную коммуникацию\n\n\n# Введение в эффективную коммуникацию\n\n## Что такое коммуникация?\n\nКоммуникация — это процесс передачи информации между людьми с помощью слов, жестов, мимики и других способов.\n\n### Основные элементы коммуникации:\n- **Отправитель** — тот, кто передает сообщение\n- **Сообщение** — информация, которую передают\n- **Получатель** — тот, кто принимает сообщение\n- **Канал связи** — способ передачи (устная речь, письмо, жесты)\n- **Обратная связь** — реакция получателя на сообщение\n\n## Типы коммуникации\n\n### 1. Вербальная коммуникация\nОбщение с помощью слов (устно или письменно)\n\n### 2. Невербальная коммуникация\n- Мимика и жесты\n- Интонация голоса\n- Поза тела\n- Зрительный контакт\n\n### 3. Письменная коммуникация\nЭлектронная почта, отчеты, презентации\n        \n\n## 📹 Видео к уроку\n\n**Вводное видео о культуре речи и деловом общении. Основы профессиональной коммуникации на русском языке.**\n\n🔗 **Ссылка на видео:** https://www.youtube.com/watch?v=U0PC37rubQ0\n\n### Что вы узнаете из видео:\n- Практические техники и методы\n- Реальные примеры применения\n- Экспертные советы и рекомендации\n- Дополнительные инсайты по теме урока\n\n*Рекомендуется просмотреть видео после изучения теоретического материала для закрепления знаний.*\n\n\n## 📹 Видео урок\n\n**Ссылка:** https://www.youtube.com/watch?v=U0PC37rubQ0\n**ID видео:** U0PC37rubQ0\n**Тип контента:** VIDEO','\n',char(10)),1,1,'2025-06-02 09:58:13',NULL);
INSERT INTO lessons VALUES(2,'Активное слушание и эмпатия',replace('# Активное слушание и эмпатия\n\n\n# Активное слушание и эмпатия\n\n## Что такое активное слушание?\n\nАктивное слушание — это техника общения, при которой слушатель полностью сосредоточен на собеседнике.\n\n### Принципы активного слушания:\n1. **Полное внимание** — убираем отвлекающие факторы\n2. **Не перебиваем** — даем возможность высказаться\n3. **Задаем уточняющие вопросы**\n4. **Перефразируем** сказанное для проверки понимания\n5. **Показываем заинтересованность** кивками и короткими репликами\n\n## Техники активного слушания\n\n### 1. Перефразирование\n"Если я правильно понял, вы имеете в виду..."\n\n### 2. Резюмирование\n"Итак, основные моменты..."\n\n### 3. Эмоциональная поддержка\n"Я понимаю, что это сложная ситуация"\n\n## Развитие эмпатии\n\nЭмпатия — способность понимать и разделять чувства другого человека.\n\n### Как развить эмпатию:\n- Ставьте себя на место собеседника\n- Обращайте внимание на эмоции\n- Не судите поспешно\n- Задавайте открытые вопросы\n        \n\n## 📹 Видео к уроку\n\n**Краткий, но содержательный урок о техниках активного слушания за 6 минут. Практические советы для улучшения навыков общения.**\n\n🔗 **Ссылка на видео:** https://www.youtube.com/watch?v=SB5MMQcJ1YA\n\n### Что вы узнаете из видео:\n- Практические техники и методы\n- Реальные примеры применения\n- Экспертные советы и рекомендации\n- Дополнительные инсайты по теме урока\n\n*Рекомендуется просмотреть видео после изучения теоретического материала для закрепления знаний.*\n\n\n## 📹 Видео урок\n\n**Ссылка:** https://www.youtube.com/watch?v=SB5MMQcJ1YA\n**ID видео:** SB5MMQcJ1YA\n**Тип контента:** VIDEO','\n',char(10)),2,1,'2025-06-02 09:58:13',NULL);
INSERT INTO lessons VALUES(3,'Невербальная коммуникация и язык тела',replace('# Невербальная коммуникация и язык тела\n\n\n# Невербальная коммуникация и язык тела\n\n## Важность невербального общения\n\nПо исследованиям, 55% информации передается через язык тела, 38% через интонацию и только 7% через слова.\n\n### Основные элементы невербальной коммуникации:\n\n#### 1. Мимика лица\n- Улыбка создает доверие\n- Нахмуренные брови — признак недовольства\n- Поднятые брови — удивление или интерес\n\n#### 2. Жесты рук\n- Открытые ладони — честность\n- Скрещенные руки — защитная позиция\n- Указательный жест может восприниматься агрессивно\n\n#### 3. Поза тела\n- Прямая осанка — уверенность\n- Наклон вперед — заинтересованность\n- Отклонение назад — дистанцирование\n\n#### 4. Зрительный контакт\n- Поддержание контакта — внимание и уважение\n- Избегание взгляда — неуверенность или обман\n- Слишком пристальный взгляд — агрессия\n\n## Культурные различия\n\nВажно помнить, что жесты могут иметь разное значение в разных культурах.\n        \n\n## 📹 Видео к уроку\n\n**Обучающее видео о невербальном общении и языке тела. Изучите секреты успешной коммуникации без слов.**\n\n🔗 **Ссылка на видео:** https://www.youtube.com/watch?v=rYLfcUFZ8kQ\n\n### Что вы узнаете из видео:\n- Практические техники и методы\n- Реальные примеры применения\n- Экспертные советы и рекомендации\n- Дополнительные инсайты по теме урока\n\n*Рекомендуется просмотреть видео после изучения теоретического материала для закрепления знаний.*\n\n\n## 📹 Видео урок\n\n**Ссылка:** https://www.youtube.com/watch?v=rYLfcUFZ8kQ\n**ID видео:** rYLfcUFZ8kQ\n**Тип контента:** VIDEO','\n',char(10)),3,1,'2025-06-02 09:58:13',NULL);
INSERT INTO lessons VALUES(4,'Управление конфликтами в общении',replace('# Управление конфликтами в общении\n\n\n# Управление конфликтами в общении\n\n## Типы конфликтов\n\n### 1. Конфликт интересов\nКогда стороны хотят разного результата\n\n### 2. Конфликт ценностей\nРазные взгляды на то, что правильно\n\n### 3. Конфликт восприятия\nРазная интерпретация одних и тех же фактов\n\n## Стратегии разрешения конфликтов\n\n### 1. Сотрудничество\nПоиск решения, выгодного для всех сторон\n\n### 2. Компромисс\nВзаимные уступки\n\n### 3. Приспособление\nУступка более важной стороне\n\n### 4. Избегание\nВременное откладывание решения\n\n### 5. Соперничество\nНастаивание на своем (крайняя мера)\n\n## Техники деэскалации\n\n1. **Слушайте активно** — дайте выговориться\n2. **Признавайте эмоции** — "Я вижу, вы расстроены"\n3. **Ищите общие интересы** — что объединяет\n4. **Фокусируйтесь на проблеме**, а не на личности\n5. **Предлагайте варианты** решения\n\n## Модель WIN-WIN\n\nСтремитесь к решениям, где выигрывают все стороны.\n        \n\n## 📹 Видео к уроку\n\n**Практический урок по управлению конфликтами. Научитесь эффективно разрешать споры и выходить из сложных ситуаций.**\n\n🔗 **Ссылка на видео:** https://www.youtube.com/watch?v=Qug4IStz4_Y\n\n### Что вы узнаете из видео:\n- Практические техники и методы\n- Реальные примеры применения\n- Экспертные советы и рекомендации\n- Дополнительные инсайты по теме урока\n\n*Рекомендуется просмотреть видео после изучения теоретического материала для закрепления знаний.*\n\n\n## 📹 Видео урок\n\n**Ссылка:** https://www.youtube.com/watch?v=Qug4IStz4_Y\n**ID видео:** Qug4IStz4_Y\n**Тип контента:** VIDEO','\n',char(10)),4,1,'2025-06-02 09:58:13',NULL);
INSERT INTO lessons VALUES(5,'Эффективная обратная связь',replace('# Эффективная обратная связь\n\n\n# Эффективная обратная связь\n\n## Что такое обратная связь?\n\nОбратная связь — это информация о том, как ваши действия влияют на других и на результат работы.\n\n## Принципы конструктивной обратной связи\n\n### При ДАЧИ обратной связи:\n\n#### 1. Модель SBI (Situation-Behavior-Impact)\n- **Ситуация**: Опишите контекст\n- **Поведение**: Что конкретно наблюдали\n- **Влияние**: Как это повлияло на результат\n\n#### 2. Будьте конкретными\n❌ "Ты плохо работаешь"\n✅ "В презентации не хватало данных о продажах"\n\n#### 3. Фокус на поведении, не на личности\n❌ "Ты безответственный"\n✅ "Отчет был сдан с опозданием"\n\n#### 4. Предлагайте решения\n"В следующий раз можно добавить график с результатами"\n\n### При ПОЛУЧЕНИИ обратной связи:\n\n1. **Слушайте открыто** — не защищайтесь сразу\n2. **Задавайте уточняющие вопросы**\n3. **Благодарите** за информацию\n4. **Планируйте улучшения**\n\n## Модель GROW для развивающей обратной связи\n\n- **Goal** — Какой цели хотим достичь?\n- **Reality** — Что происходит сейчас?\n- **Options** — Какие есть варианты?\n- **Will** — Что будем делать?\n        \n\n## 📹 Видео к уроку\n\n**Урок об эмоциональном интеллекте в коммуникации. Изучите основы управления эмоциями в процессе общения.**\n\n🔗 **Ссылка на видео:** https://www.youtube.com/watch?v=fdUR9qYl7iU\n\n### Что вы узнаете из видео:\n- Практические техники и методы\n- Реальные примеры применения\n- Экспертные советы и рекомендации\n- Дополнительные инсайты по теме урока\n\n*Рекомендуется просмотреть видео после изучения теоретического материала для закрепления знаний.*\n\n\n## 📹 Видео урок\n\n**Ссылка:** https://www.youtube.com/watch?v=fdUR9qYl7iU\n**ID видео:** fdUR9qYl7iU\n**Тип контента:** VIDEO','\n',char(10)),5,1,'2025-06-02 09:58:13',NULL);
INSERT INTO lessons VALUES(6,'Презентационные навыки',replace('# Презентационные навыки\n\n\n# Презентационные навыки\n\n## Структура эффективной презентации\n\n### 1. Вступление (10-15%)\n- Привлечение внимания\n- Представление темы\n- Анонс структуры\n\n### 2. Основная часть (70-80%)\n- 3-5 ключевых пунктов\n- Аргументы и примеры\n- Визуальная поддержка\n\n### 3. Заключение (10-15%)\n- Резюме ключевых моментов\n- Призыв к действию\n- Ответы на вопросы\n\n## Правило 10/20/30\n\n- **10 слайдов** максимум\n- **20 минут** презентация\n- **30 пунктов** шрифт минимум\n\n## Работа с аудиторией\n\n### До презентации:\n- Изучите аудиторию\n- Подготовьте ответы на возможные вопросы\n- Проверьте технику\n\n### Во время презентации:\n- Поддерживайте зрительный контакт\n- Используйте паузы\n- Вовлекайте аудиторию вопросами\n- Следите за реакцией\n\n### Управление волнением:\n1. Глубокое дыхание\n2. Позитивная визуализация\n3. Подготовка и репетиции\n4. Фокус на сообщении, а не на себе\n\n## Визуальные материалы\n\n- Один слайд — одна идея\n- Больше изображений, меньше текста\n- Контрастные цвета\n- Читаемые шрифты\n        \n\n## 📹 Видео к уроку\n\n**Обучающее видео о навыках публичных выступлений. Научитесь уверенно выступать перед аудиторией.**\n\n🔗 **Ссылка на видео:** https://www.youtube.com/watch?v=2HT59cO72xg\n\n### Что вы узнаете из видео:\n- Практические техники и методы\n- Реальные примеры применения\n- Экспертные советы и рекомендации\n- Дополнительные инсайты по теме урока\n\n*Рекомендуется просмотреть видео после изучения теоретического материала для закрепления знаний.*\n\n\n## 📹 Видео урок\n\n**Ссылка:** https://www.youtube.com/watch?v=2HT59cO72xg\n**ID видео:** 2HT59cO72xg\n**Тип контента:** VIDEO','\n',char(10)),6,1,'2025-06-02 09:58:13',NULL);
INSERT INTO lessons VALUES(7,'Цифровая коммуникация и этикет',replace('# Цифровая коммуникация и этикет\n\n\n# Цифровая коммуникация и этикет\n\n## Email-этикет\n\n### Структура эффективного письма:\n\n#### 1. Тема письма\n- Конкретная и информативная\n- ✅ "Вопрос по проекту X — нужно решение до пятницы"\n- ❌ "Важно!" или "Вопрос"\n\n#### 2. Приветствие\n- Формальное: "Уважаемый/ая [Имя]"\n- Полуформальное: "Здравствуйте, [Имя]"\n- Неформальное: "Привет, [Имя]"\n\n#### 3. Основная часть\n- Сначала контекст, потом детали\n- Короткие абзацы\n- Маркированные списки для перечислений\n\n#### 4. Призыв к действию\n- Четко указывайте, что нужно сделать\n- Дедлайны и приоритеты\n\n#### 5. Подпись\n- Имя, должность, контакты\n\n## Мессенджеры на работе\n\n### Принципы:\n- Уважайте рабочее время\n- Используйте статусы доступности\n- Групповые чаты — для общих вопросов\n- Личные сообщения — для приватных тем\n\n### Emoji и стикеры:\n- Умеренно в рабочем контексте\n- Помогают передать эмоции\n- Не заменяют слова полностью\n\n## Видеоконференции\n\n### Технические аспекты:\n- Проверьте связь заранее\n- Хорошее освещение лица\n- Нейтральный фон\n- Качественный звук\n\n### Этикет:\n- Приходите вовремя\n- Выключайте микрофон, когда не говорите\n- Смотрите в камеру, а не на экран\n- Одевайтесь профессионально\n        \n\n## 📹 Видео к уроку\n\n**Урок о цифровом этикете и правилах вежливого общения онлайн. Изучите современные нормы сетевого этикета.**\n\n🔗 **Ссылка на видео:** https://www.youtube.com/watch?v=bs6IALQmxYs\n\n### Что вы узнаете из видео:\n- Практические техники и методы\n- Реальные примеры применения\n- Экспертные советы и рекомендации\n- Дополнительные инсайты по теме урока\n\n*Рекомендуется просмотреть видео после изучения теоретического материала для закрепления знаний.*\n\n\n## 📹 Видео урок\n\n**Ссылка:** https://www.youtube.com/watch?v=bs6IALQmxYs\n**ID видео:** bs6IALQmxYs\n**Тип контента:** VIDEO','\n',char(10)),7,1,'2025-06-02 09:58:13',NULL);
INSERT INTO lessons VALUES(8,'Межкультурная коммуникация',replace('# Межкультурная коммуникация\n\n\n# Межкультурная коммуникация\n\n## Культурные измерения Хофстеде\n\n### 1. Дистанция власти\n- **Высокая**: четкая иерархия (Россия, Корея)\n- **Низкая**: равенство в общении (Дания, Австралия)\n\n### 2. Индивидуализм vs Коллективизм\n- **Индивидуалистские**: США, Германия\n- **Коллективистские**: Япония, Китай\n\n### 3. Избегание неопределенности\n- **Высокое**: четкие правила (Германия)\n- **Низкое**: гибкость (США, Индия)\n\n## Стили коммуникации\n\n### Прямой vs Косвенный\n- **Прямой**: говорят что думают (Германия, Нидерланды)\n- **Косвенный**: намеки и контекст (Япония, Корея)\n\n### Высококонтекстный vs Низкоконтекстный\n- **Высокий контекст**: важна ситуация (Япония, Арабские страны)\n- **Низкий контекст**: важны слова (Германия, США)\n\n## Практические советы\n\n### При работе с разными культурами:\n\n1. **Изучите основы** культуры коллег\n2. **Будьте терпеливы** к различиям\n3. **Не обобщайте** — каждый человек уникален\n4. **Уточняйте понимание** чаще\n5. **Адаптируйте стиль** общения\n\n### Невербальные различия:\n- Зрительный контакт\n- Личное пространство\n- Жесты и их значения\n- Отношение к времени\n\n## Построение инклюзивной среды\n\n- Избегайте культурных стереотипов\n- Создавайте возможности для всех высказаться\n- Учитывайте временные зоны при планировании\n- Используйте простой и понятный язык\n        \n\n## 📹 Видео к уроку\n\n**Образовательная программа о русском языке в культуре речи и деловом общении с представителями разных культур.**\n\n🔗 **Ссылка на видео:** https://www.youtube.com/watch?v=YOkgQbJnB5A\n\n### Что вы узнаете из видео:\n- Практические техники и методы\n- Реальные примеры применения\n- Экспертные советы и рекомендации\n- Дополнительные инсайты по теме урока\n\n*Рекомендуется просмотреть видео после изучения теоретического материала для закрепления знаний.*\n\n\n## 📹 Видео урок\n\n**Ссылка:** https://www.youtube.com/watch?v=YOkgQbJnB5A\n**ID видео:** YOkgQbJnB5A\n**Тип контента:** VIDEO','\n',char(10)),8,1,'2025-06-02 09:58:13',NULL);
INSERT INTO lessons VALUES(9,'Эмоциональный интеллект в коммуникации',replace('# Эмоциональный интеллект в коммуникации\n\n\n# Эмоциональный интеллект в коммуникации\n\n## Что такое эмоциональный интеллект?\n\nEQ (Emotional Quotient) — способность понимать и управлять своими и чужими эмоциями.\n\n## Четыре компонента EQ\n\n### 1. Самосознание\n- Понимание своих эмоций\n- Знание своих сильных и слабых сторон\n- Реалистичная самооценка\n\n### 2. Саморегуляция\n- Управление импульсами\n- Адаптивность к изменениям\n- Инициативность\n\n### 3. Социальное понимание\n- Эмпатия к другим\n- Понимание организационной динамики\n- Ориентация на сервис\n\n### 4. Управление отношениями\n- Влияние на других\n- Лидерство\n- Управление конфликтами\n- Командная работа\n\n## Эмоции в рабочей среде\n\n### Позитивные эмоции:\n- Энтузиазм — мотивирует команду\n- Благодарность — укрепляет отношения\n- Оптимизм — помогает в трудностях\n\n### Сложные эмоции:\n- Стресс — может снижать эффективность\n- Фрустрация — требует конструктивного выхода\n- Тревога — нужны техники успокоения\n\n## Техники управления эмоциями\n\n### 1. Техника STOP\n- **S**top — остановитесь\n- **T**ake a breath — сделайте вдох\n- **O**bserve — понаблюдайте за эмоциями\n- **P**roceed — действуйте осознанно\n\n### 2. Переформулирование\nИзмените внутренний диалог:\n❌ "Это катастрофа!"\n✅ "Это вызов, который можно решить"\n\n### 3. Техника 5-4-3-2-1\nПри стрессе назовите:\n- 5 вещей, которые видите\n- 4 вещи, которые слышите  \n- 3 вещи, которые можете потрогать\n- 2 запаха\n- 1 вкус\n        \n\n## 📹 Видео к уроку\n\n**Профессиональная лекция об основах эмоционального интеллекта. Развитие навыков управления эмоциями в общении.**\n\n🔗 **Ссылка на видео:** https://www.youtube.com/watch?v=JJ6Pa83oW7w\n\n### Что вы узнаете из видео:\n- Практические техники и методы\n- Реальные примеры применения\n- Экспертные советы и рекомендации\n- Дополнительные инсайты по теме урока\n\n*Рекомендуется просмотреть видео после изучения теоретического материала для закрепления знаний.*\n\n\n## 📹 Видео урок\n\n**Ссылка:** https://www.youtube.com/watch?v=JJ6Pa83oW7w\n**ID видео:** JJ6Pa83oW7w\n**Тип контента:** VIDEO','\n',char(10)),9,1,'2025-06-02 09:58:13',NULL);
INSERT INTO lessons VALUES(10,'Практикум: Интеграция коммуникативных навыков',replace('# Практикум: Интеграция коммуникативных навыков\n\n\n# Практикум: Интеграция коммуникативных навыков\n\n## Цель практикума\n\nОбъединить все изученные навыки коммуникации и применить их в комплексных сценариях.\n\n## Ключевые навыки для интеграции\n\n### 1. Активное слушание\n- Техники SBI (Situation-Behavior-Impact)\n- Эмпатическое понимание\n- Парафразирование и резюмирование\n\n### 2. Невербальная коммуникация\n- Язык тела и жесты\n- Зрительный контакт\n- Управление пространством\n\n### 3. Управление эмоциями\n- Техника STOP\n- Эмоциональная регуляция\n- Конструктивное выражение чувств\n\n### 4. Конфликт-менеджмент\n- Деэскалация напряжения\n- Поиск win-win решений\n- Медиация между сторонами\n\n## Практические сценарии\n\n### Сценарий 1: Сложная презентация\n**Ситуация**: Презентация проекта перед скептически настроенной аудиторией\n\n**Применяемые навыки**:\n- Структурирование информации\n- Работа с возражениями\n- Невербальная уверенность\n- Адаптация к аудитории\n\n### Сценарий 2: Командный конфликт\n**Ситуация**: Конфликт между двумя коллегами влияет на работу команды\n\n**Применяемые навыки**:\n- Активное слушание всех сторон\n- Эмоциональная регуляция\n- Медиация и поиск компромиссов\n- Обратная связь\n\n### Сценарий 3: Межкультурная коммуникация\n**Ситуация**: Работа с международной командой с разными культурными особенностями\n\n**Применяемые навыки**:\n- Культурная чувствительность\n- Адаптация стиля общения\n- Цифровая коммуникация\n- Инклюзивность\n\n## Модель GROW в действии\n\nДля каждого сценария используйте модель GROW:\n\n- **Goal** — Какой результат хотим достичь?\n- **Reality** — Что происходит сейчас?\n- **Options** — Какие у нас есть варианты?\n- **Will** — Что конкретно будем делать?\n\n## Самооценка и планирование развития\n\n### Чек-лист коммуникативных навыков:\n\n1. **Слушание** (1-10): ___\n2. **Говорение** (1-10): ___\n3. **Невербальное общение** (1-10): ___\n4. **Управление конфликтами** (1-10): ___\n5. **Обратная связь** (1-10): ___\n6. **Презентации** (1-10): ___\n7. **Цифровая коммуникация** (1-10): ___\n8. **Межкультурное общение** (1-10): ___\n9. **Эмоциональный интеллект** (1-10): ___\n\n### План развития на 3 месяца:\n\n**Цель 1**: (выберите 2-3 навыка для фокуса)\n**Действия**: (конкретные шаги)\n**Метрики**: (как измерить прогресс)\n\n## Заключение\n\nЭффективная коммуникация — это навык, который развивается постоянно. Продолжайте практиковаться и получать обратную связь!\n    \n\n## 📹 Видео к уроку\n\n**Урок о различных видах публичных выступлений. Практическое применение всех изученных коммуникативных техник.**\n\n🔗 **Ссылка на видео:** https://www.youtube.com/watch?v=hcAm5lyQVyk\n\n### Что вы узнаете из видео:\n- Практические техники и методы\n- Реальные примеры применения\n- Экспертные советы и рекомендации\n- Дополнительные инсайты по теме урока\n\n*Рекомендуется просмотреть видео после изучения теоретического материала для закрепления знаний.*\n\n\n## 📹 Видео урок\n\n**Ссылка:** https://www.youtube.com/watch?v=hcAm5lyQVyk\n**ID видео:** hcAm5lyQVyk\n**Тип контента:** VIDEO','\n',char(10)),10,1,'2025-06-02 09:58:13',NULL);
INSERT INTO lessons VALUES(11,'Эффективная коммуникация',replace('# Эффективная коммуникация\n\n## Введение\n\nЭффективная коммуникация является основой успешной работы в команде.\n\n### Ключевые принципы\n\n1. **Активное слушание** - внимательно слушайте собеседника\n2. **Ясность изложения** - выражайте мысли четко и понятно\n3. **Эмпатия** - понимайте точку зрения других\n\n### Практические советы\n\n- Используйте "Я-высказывания" вместо обвинений\n- Задавайте открытые вопросы\n- Подтверждайте понимание перефразированием\n\n## Заключение\n\nПрименяя эти принципы, вы значительно улучшите качество коммуникации в команде.\n\n## 📹 Видео к уроку\n\n**Профессиональный урок об основах деловой коммуникации. Изучите ключевые принципы эффективного общения в бизнес-среде.**\n\n🔗 **Ссылка на видео:** https://www.youtube.com/watch?v=Nu9uvs2UeaM\n\n### Что вы узнаете из видео:\n- Практические техники и методы\n- Реальные примеры применения\n- Экспертные советы и рекомендации\n- Дополнительные инсайты по теме урока\n\n*Рекомендуется просмотреть видео после изучения теоретического материала для закрепления знаний.*\n\n\n## 📹 Видео урок\n\n**Ссылка:** https://www.youtube.com/watch?v=Nu9uvs2UeaM\n**ID видео:** Nu9uvs2UeaM\n**Тип контента:** VIDEO','\n',char(10)),11,1,'2025-06-02 09:58:13',NULL);
INSERT INTO lessons VALUES(12,'Техники активного слушания',replace('# Техники активного слушания\n\n# Техники активного слушания\n\n## Основы активного слушания\n\nАктивное слушание — это навык полного погружения в процесс восприятия информации от собеседника с целью максимального понимания как содержания, так и эмоций.\n\n### Уровни слушания\n\n1. **Внутреннее слушание**\n   - Фокус на собственных мыслях\n   - Подготовка ответа во время речи собеседника\n   - Оценочные суждения\n\n2. **Фокусированное слушание**\n   - Концентрация на словах собеседника\n   - Понимание содержания\n   - Минимальные внутренние отвлечения\n\n3. **Глобальное слушание**\n   - Восприятие всех сигналов\n   - Внимание к эмоциям и энергии\n   - Интуитивное понимание\n\n### Техники активного слушания\n\n**Парафраз (Перефразирование):**\n- Повторение услышанного своими словами\n- Проверка понимания\n- Пример: "Если я правильно понял, вы говорите о..."\n\n**Отражение чувств:**\n- Озвучивание эмоционального состояния\n- Демонстрация эмпатии\n- Пример: "Я вижу, что вы расстроены этой ситуацией"\n\n**Уточнение:**\n- Открытые вопросы для получения деталей\n- Избегание предположений\n- Пример: "Можете ли вы рассказать больше о..."\n\n**Резюмирование:**\n- Обобщение ключевых моментов\n- Структурирование информации\n- Пример: "Итак, основные моменты..."\n\n### Невербальные сигналы\n\n**Поза и жесты:**\n- Открытая поза тела\n- Наклон к собеседнику\n- Зрительный контакт\n- Кивки головой\n\n**Мимика:**\n- Соответствующее выражение лица\n- Отражение эмоций собеседника\n- Искренность в выражениях\n\n**Голосовые сигналы:**\n- Тон голоса\n- Скорость речи\n- Паузы\n- Интонации\n\n### Препятствия для активного слушания\n\n**Внутренние барьеры:**\n- Предварительные суждения\n- Эмоциональные реакции\n- Отвлечение на собственные мысли\n- Подготовка возражений\n\n**Внешние факторы:**\n- Шум и отвлекающие факторы\n- Временные ограничения\n- Неподходящая обстановка\n- Технические помехи\n\n### Эмпатическое слушание\n\n**Принципы эмпатии:**\n- Понимание без оценки\n- Принятие чувств собеседника\n- Сопереживание\n- Поддержка\n\n**Техники развития эмпатии:**\n- Постановка себя на место другого\n- Внимание к эмоциональным сигналам\n- Отложение собственных суждений\n- Создание безопасного пространства\n\n### Активное слушание в конфликтах\n\n**Деэскалация:**\n- Спокойный тон голоса\n- Признание чувств сторон\n- Поиск общих интересов\n- Фокус на фактах\n\n**Медиация:**\n- Нейтральная позиция\n- Равное время для каждой стороны\n- Структурирование диалога\n- Поиск решений\n\n### Практические упражнения\n\n**Упражнение "Зеркало":**\n- Повторение последних слов собеседника\n- Отражение тона и эмоций\n- Проверка понимания\n\n**Упражнение "Три уровня":**\n- Слушание фактов (что говорится)\n- Слушание эмоций (как говорится)\n- Слушание потребностей (зачем говорится)\n\n### Развитие навыков\n\n**Ежедневная практика:**\n- Сосредоточенное слушание в каждом разговоре\n- Отключение электронных устройств\n- Задавание открытых вопросов\n- Благодарность за откровенность\n\n\n## 📹 Видео к уроку\n\n**Практический урок о техниках активного слушания. Научитесь лучше понимать собеседника и выстраивать доверительные отношения.**\n\n🔗 **Ссылка на видео:** https://www.youtube.com/watch?v=QWvijbXrCCQ\n\n### Что вы узнаете из видео:\n- Практические техники и методы\n- Реальные примеры применения\n- Экспертные советы и рекомендации\n- Дополнительные инсайты по теме урока\n\n*Рекомендуется просмотреть видео после изучения теоретического материала для закрепления знаний.*\n\n\n## 📹 Видео урок\n\n**Ссылка:** https://www.youtube.com/watch?v=QWvijbXrCCQ\n**ID видео:** QWvijbXrCCQ\n**Тип контента:** VIDEO','\n',char(10)),12,1,'2025-06-02 09:58:13',NULL);
INSERT INTO lessons VALUES(13,'Введение в эффективную коммуникацию',replace('# Введение в эффективную коммуникацию\n\n\n# Введение в эффективную коммуникацию\n\n## Что такое коммуникация?\n\nКоммуникация — это процесс передачи информации между людьми с помощью слов, жестов, мимики и других способов.\n\n### Основные элементы коммуникации:\n- **Отправитель** — тот, кто передает сообщение\n- **Сообщение** — информация, которую передают\n- **Получатель** — тот, кто принимает сообщение\n- **Канал связи** — способ передачи (устная речь, письмо, жесты)\n- **Обратная связь** — реакция получателя на сообщение\n\n## Типы коммуникации\n\n### 1. Вербальная коммуникация\nОбщение с помощью слов (устно или письменно)\n\n### 2. Невербальная коммуникация\n- Мимика и жесты\n- Интонация голоса\n- Поза тела\n- Зрительный контакт\n\n### 3. Письменная коммуникация\nЭлектронная почта, отчеты, презентации\n        \n\n## 📹 Видео к уроку\n\n**Вводное видео о культуре речи и деловом общении. Основы профессиональной коммуникации на русском языке.**\n\n🔗 **Ссылка на видео:** https://www.youtube.com/watch?v=U0PC37rubQ0\n\n### Что вы узнаете из видео:\n- Практические техники и методы\n- Реальные примеры применения\n- Экспертные советы и рекомендации\n- Дополнительные инсайты по теме урока\n\n*Рекомендуется просмотреть видео после изучения теоретического материала для закрепления знаний.*\n\n\n## 📹 Видео урок\n\n**Ссылка:** https://www.youtube.com/watch?v=U0PC37rubQ0\n**ID видео:** U0PC37rubQ0\n**Тип контента:** VIDEO','\n',char(10)),1,2,'2025-06-02 09:58:39',NULL);
INSERT INTO lessons VALUES(14,'Активное слушание и эмпатия',replace('# Активное слушание и эмпатия\n\n\n# Активное слушание и эмпатия\n\n## Что такое активное слушание?\n\nАктивное слушание — это техника общения, при которой слушатель полностью сосредоточен на собеседнике.\n\n### Принципы активного слушания:\n1. **Полное внимание** — убираем отвлекающие факторы\n2. **Не перебиваем** — даем возможность высказаться\n3. **Задаем уточняющие вопросы**\n4. **Перефразируем** сказанное для проверки понимания\n5. **Показываем заинтересованность** кивками и короткими репликами\n\n## Техники активного слушания\n\n### 1. Перефразирование\n"Если я правильно понял, вы имеете в виду..."\n\n### 2. Резюмирование\n"Итак, основные моменты..."\n\n### 3. Эмоциональная поддержка\n"Я понимаю, что это сложная ситуация"\n\n## Развитие эмпатии\n\nЭмпатия — способность понимать и разделять чувства другого человека.\n\n### Как развить эмпатию:\n- Ставьте себя на место собеседника\n- Обращайте внимание на эмоции\n- Не судите поспешно\n- Задавайте открытые вопросы\n        \n\n## 📹 Видео к уроку\n\n**Краткий, но содержательный урок о техниках активного слушания за 6 минут. Практические советы для улучшения навыков общения.**\n\n🔗 **Ссылка на видео:** https://www.youtube.com/watch?v=SB5MMQcJ1YA\n\n### Что вы узнаете из видео:\n- Практические техники и методы\n- Реальные примеры применения\n- Экспертные советы и рекомендации\n- Дополнительные инсайты по теме урока\n\n*Рекомендуется просмотреть видео после изучения теоретического материала для закрепления знаний.*\n\n\n## 📹 Видео урок\n\n**Ссылка:** https://www.youtube.com/watch?v=SB5MMQcJ1YA\n**ID видео:** SB5MMQcJ1YA\n**Тип контента:** VIDEO','\n',char(10)),2,2,'2025-06-02 09:58:39',NULL);
INSERT INTO lessons VALUES(15,'Невербальная коммуникация и язык тела',replace('# Невербальная коммуникация и язык тела\n\n\n# Невербальная коммуникация и язык тела\n\n## Важность невербального общения\n\nПо исследованиям, 55% информации передается через язык тела, 38% через интонацию и только 7% через слова.\n\n### Основные элементы невербальной коммуникации:\n\n#### 1. Мимика лица\n- Улыбка создает доверие\n- Нахмуренные брови — признак недовольства\n- Поднятые брови — удивление или интерес\n\n#### 2. Жесты рук\n- Открытые ладони — честность\n- Скрещенные руки — защитная позиция\n- Указательный жест может восприниматься агрессивно\n\n#### 3. Поза тела\n- Прямая осанка — уверенность\n- Наклон вперед — заинтересованность\n- Отклонение назад — дистанцирование\n\n#### 4. Зрительный контакт\n- Поддержание контакта — внимание и уважение\n- Избегание взгляда — неуверенность или обман\n- Слишком пристальный взгляд — агрессия\n\n## Культурные различия\n\nВажно помнить, что жесты могут иметь разное значение в разных культурах.\n        \n\n## 📹 Видео к уроку\n\n**Обучающее видео о невербальном общении и языке тела. Изучите секреты успешной коммуникации без слов.**\n\n🔗 **Ссылка на видео:** https://www.youtube.com/watch?v=rYLfcUFZ8kQ\n\n### Что вы узнаете из видео:\n- Практические техники и методы\n- Реальные примеры применения\n- Экспертные советы и рекомендации\n- Дополнительные инсайты по теме урока\n\n*Рекомендуется просмотреть видео после изучения теоретического материала для закрепления знаний.*\n\n\n## 📹 Видео урок\n\n**Ссылка:** https://www.youtube.com/watch?v=rYLfcUFZ8kQ\n**ID видео:** rYLfcUFZ8kQ\n**Тип контента:** VIDEO','\n',char(10)),3,2,'2025-06-02 09:58:39',NULL);
INSERT INTO lessons VALUES(16,'Управление конфликтами в общении',replace('# Управление конфликтами в общении\n\n\n# Управление конфликтами в общении\n\n## Типы конфликтов\n\n### 1. Конфликт интересов\nКогда стороны хотят разного результата\n\n### 2. Конфликт ценностей\nРазные взгляды на то, что правильно\n\n### 3. Конфликт восприятия\nРазная интерпретация одних и тех же фактов\n\n## Стратегии разрешения конфликтов\n\n### 1. Сотрудничество\nПоиск решения, выгодного для всех сторон\n\n### 2. Компромисс\nВзаимные уступки\n\n### 3. Приспособление\nУступка более важной стороне\n\n### 4. Избегание\nВременное откладывание решения\n\n### 5. Соперничество\nНастаивание на своем (крайняя мера)\n\n## Техники деэскалации\n\n1. **Слушайте активно** — дайте выговориться\n2. **Признавайте эмоции** — "Я вижу, вы расстроены"\n3. **Ищите общие интересы** — что объединяет\n4. **Фокусируйтесь на проблеме**, а не на личности\n5. **Предлагайте варианты** решения\n\n## Модель WIN-WIN\n\nСтремитесь к решениям, где выигрывают все стороны.\n        \n\n## 📹 Видео к уроку\n\n**Практический урок по управлению конфликтами. Научитесь эффективно разрешать споры и выходить из сложных ситуаций.**\n\n🔗 **Ссылка на видео:** https://www.youtube.com/watch?v=Qug4IStz4_Y\n\n### Что вы узнаете из видео:\n- Практические техники и методы\n- Реальные примеры применения\n- Экспертные советы и рекомендации\n- Дополнительные инсайты по теме урока\n\n*Рекомендуется просмотреть видео после изучения теоретического материала для закрепления знаний.*\n\n\n## 📹 Видео урок\n\n**Ссылка:** https://www.youtube.com/watch?v=Qug4IStz4_Y\n**ID видео:** Qug4IStz4_Y\n**Тип контента:** VIDEO','\n',char(10)),4,2,'2025-06-02 09:58:39',NULL);
INSERT INTO lessons VALUES(17,'Эффективная обратная связь',replace('# Эффективная обратная связь\n\n\n# Эффективная обратная связь\n\n## Что такое обратная связь?\n\nОбратная связь — это информация о том, как ваши действия влияют на других и на результат работы.\n\n## Принципы конструктивной обратной связи\n\n### При ДАЧИ обратной связи:\n\n#### 1. Модель SBI (Situation-Behavior-Impact)\n- **Ситуация**: Опишите контекст\n- **Поведение**: Что конкретно наблюдали\n- **Влияние**: Как это повлияло на результат\n\n#### 2. Будьте конкретными\n❌ "Ты плохо работаешь"\n✅ "В презентации не хватало данных о продажах"\n\n#### 3. Фокус на поведении, не на личности\n❌ "Ты безответственный"\n✅ "Отчет был сдан с опозданием"\n\n#### 4. Предлагайте решения\n"В следующий раз можно добавить график с результатами"\n\n### При ПОЛУЧЕНИИ обратной связи:\n\n1. **Слушайте открыто** — не защищайтесь сразу\n2. **Задавайте уточняющие вопросы**\n3. **Благодарите** за информацию\n4. **Планируйте улучшения**\n\n## Модель GROW для развивающей обратной связи\n\n- **Goal** — Какой цели хотим достичь?\n- **Reality** — Что происходит сейчас?\n- **Options** — Какие есть варианты?\n- **Will** — Что будем делать?\n        \n\n## 📹 Видео к уроку\n\n**Урок об эмоциональном интеллекте в коммуникации. Изучите основы управления эмоциями в процессе общения.**\n\n🔗 **Ссылка на видео:** https://www.youtube.com/watch?v=fdUR9qYl7iU\n\n### Что вы узнаете из видео:\n- Практические техники и методы\n- Реальные примеры применения\n- Экспертные советы и рекомендации\n- Дополнительные инсайты по теме урока\n\n*Рекомендуется просмотреть видео после изучения теоретического материала для закрепления знаний.*\n\n\n## 📹 Видео урок\n\n**Ссылка:** https://www.youtube.com/watch?v=fdUR9qYl7iU\n**ID видео:** fdUR9qYl7iU\n**Тип контента:** VIDEO','\n',char(10)),5,2,'2025-06-02 09:58:39',NULL);
INSERT INTO lessons VALUES(18,'Презентационные навыки',replace('# Презентационные навыки\n\n\n# Презентационные навыки\n\n## Структура эффективной презентации\n\n### 1. Вступление (10-15%)\n- Привлечение внимания\n- Представление темы\n- Анонс структуры\n\n### 2. Основная часть (70-80%)\n- 3-5 ключевых пунктов\n- Аргументы и примеры\n- Визуальная поддержка\n\n### 3. Заключение (10-15%)\n- Резюме ключевых моментов\n- Призыв к действию\n- Ответы на вопросы\n\n## Правило 10/20/30\n\n- **10 слайдов** максимум\n- **20 минут** презентация\n- **30 пунктов** шрифт минимум\n\n## Работа с аудиторией\n\n### До презентации:\n- Изучите аудиторию\n- Подготовьте ответы на возможные вопросы\n- Проверьте технику\n\n### Во время презентации:\n- Поддерживайте зрительный контакт\n- Используйте паузы\n- Вовлекайте аудиторию вопросами\n- Следите за реакцией\n\n### Управление волнением:\n1. Глубокое дыхание\n2. Позитивная визуализация\n3. Подготовка и репетиции\n4. Фокус на сообщении, а не на себе\n\n## Визуальные материалы\n\n- Один слайд — одна идея\n- Больше изображений, меньше текста\n- Контрастные цвета\n- Читаемые шрифты\n        \n\n## 📹 Видео к уроку\n\n**Обучающее видео о навыках публичных выступлений. Научитесь уверенно выступать перед аудиторией.**\n\n🔗 **Ссылка на видео:** https://www.youtube.com/watch?v=2HT59cO72xg\n\n### Что вы узнаете из видео:\n- Практические техники и методы\n- Реальные примеры применения\n- Экспертные советы и рекомендации\n- Дополнительные инсайты по теме урока\n\n*Рекомендуется просмотреть видео после изучения теоретического материала для закрепления знаний.*\n\n\n## 📹 Видео урок\n\n**Ссылка:** https://www.youtube.com/watch?v=2HT59cO72xg\n**ID видео:** 2HT59cO72xg\n**Тип контента:** VIDEO','\n',char(10)),6,2,'2025-06-02 09:58:39',NULL);
INSERT INTO lessons VALUES(19,'Цифровая коммуникация и этикет',replace('# Цифровая коммуникация и этикет\n\n\n# Цифровая коммуникация и этикет\n\n## Email-этикет\n\n### Структура эффективного письма:\n\n#### 1. Тема письма\n- Конкретная и информативная\n- ✅ "Вопрос по проекту X — нужно решение до пятницы"\n- ❌ "Важно!" или "Вопрос"\n\n#### 2. Приветствие\n- Формальное: "Уважаемый/ая [Имя]"\n- Полуформальное: "Здравствуйте, [Имя]"\n- Неформальное: "Привет, [Имя]"\n\n#### 3. Основная часть\n- Сначала контекст, потом детали\n- Короткие абзацы\n- Маркированные списки для перечислений\n\n#### 4. Призыв к действию\n- Четко указывайте, что нужно сделать\n- Дедлайны и приоритеты\n\n#### 5. Подпись\n- Имя, должность, контакты\n\n## Мессенджеры на работе\n\n### Принципы:\n- Уважайте рабочее время\n- Используйте статусы доступности\n- Групповые чаты — для общих вопросов\n- Личные сообщения — для приватных тем\n\n### Emoji и стикеры:\n- Умеренно в рабочем контексте\n- Помогают передать эмоции\n- Не заменяют слова полностью\n\n## Видеоконференции\n\n### Технические аспекты:\n- Проверьте связь заранее\n- Хорошее освещение лица\n- Нейтральный фон\n- Качественный звук\n\n### Этикет:\n- Приходите вовремя\n- Выключайте микрофон, когда не говорите\n- Смотрите в камеру, а не на экран\n- Одевайтесь профессионально\n        \n\n## 📹 Видео к уроку\n\n**Урок о цифровом этикете и правилах вежливого общения онлайн. Изучите современные нормы сетевого этикета.**\n\n🔗 **Ссылка на видео:** https://www.youtube.com/watch?v=bs6IALQmxYs\n\n### Что вы узнаете из видео:\n- Практические техники и методы\n- Реальные примеры применения\n- Экспертные советы и рекомендации\n- Дополнительные инсайты по теме урока\n\n*Рекомендуется просмотреть видео после изучения теоретического материала для закрепления знаний.*\n\n\n## 📹 Видео урок\n\n**Ссылка:** https://www.youtube.com/watch?v=bs6IALQmxYs\n**ID видео:** bs6IALQmxYs\n**Тип контента:** VIDEO','\n',char(10)),7,2,'2025-06-02 09:58:39',NULL);
INSERT INTO lessons VALUES(20,'Межкультурная коммуникация',replace('# Межкультурная коммуникация\n\n\n# Межкультурная коммуникация\n\n## Культурные измерения Хофстеде\n\n### 1. Дистанция власти\n- **Высокая**: четкая иерархия (Россия, Корея)\n- **Низкая**: равенство в общении (Дания, Австралия)\n\n### 2. Индивидуализм vs Коллективизм\n- **Индивидуалистские**: США, Германия\n- **Коллективистские**: Япония, Китай\n\n### 3. Избегание неопределенности\n- **Высокое**: четкие правила (Германия)\n- **Низкое**: гибкость (США, Индия)\n\n## Стили коммуникации\n\n### Прямой vs Косвенный\n- **Прямой**: говорят что думают (Германия, Нидерланды)\n- **Косвенный**: намеки и контекст (Япония, Корея)\n\n### Высококонтекстный vs Низкоконтекстный\n- **Высокий контекст**: важна ситуация (Япония, Арабские страны)\n- **Низкий контекст**: важны слова (Германия, США)\n\n## Практические советы\n\n### При работе с разными культурами:\n\n1. **Изучите основы** культуры коллег\n2. **Будьте терпеливы** к различиям\n3. **Не обобщайте** — каждый человек уникален\n4. **Уточняйте понимание** чаще\n5. **Адаптируйте стиль** общения\n\n### Невербальные различия:\n- Зрительный контакт\n- Личное пространство\n- Жесты и их значения\n- Отношение к времени\n\n## Построение инклюзивной среды\n\n- Избегайте культурных стереотипов\n- Создавайте возможности для всех высказаться\n- Учитывайте временные зоны при планировании\n- Используйте простой и понятный язык\n        \n\n## 📹 Видео к уроку\n\n**Образовательная программа о русском языке в культуре речи и деловом общении с представителями разных культур.**\n\n🔗 **Ссылка на видео:** https://www.youtube.com/watch?v=YOkgQbJnB5A\n\n### Что вы узнаете из видео:\n- Практические техники и методы\n- Реальные примеры применения\n- Экспертные советы и рекомендации\n- Дополнительные инсайты по теме урока\n\n*Рекомендуется просмотреть видео после изучения теоретического материала для закрепления знаний.*\n\n\n## 📹 Видео урок\n\n**Ссылка:** https://www.youtube.com/watch?v=YOkgQbJnB5A\n**ID видео:** YOkgQbJnB5A\n**Тип контента:** VIDEO','\n',char(10)),8,2,'2025-06-02 09:58:39',NULL);
INSERT INTO lessons VALUES(21,'Эмоциональный интеллект в коммуникации',replace('# Эмоциональный интеллект в коммуникации\n\n\n# Эмоциональный интеллект в коммуникации\n\n## Что такое эмоциональный интеллект?\n\nEQ (Emotional Quotient) — способность понимать и управлять своими и чужими эмоциями.\n\n## Четыре компонента EQ\n\n### 1. Самосознание\n- Понимание своих эмоций\n- Знание своих сильных и слабых сторон\n- Реалистичная самооценка\n\n### 2. Саморегуляция\n- Управление импульсами\n- Адаптивность к изменениям\n- Инициативность\n\n### 3. Социальное понимание\n- Эмпатия к другим\n- Понимание организационной динамики\n- Ориентация на сервис\n\n### 4. Управление отношениями\n- Влияние на других\n- Лидерство\n- Управление конфликтами\n- Командная работа\n\n## Эмоции в рабочей среде\n\n### Позитивные эмоции:\n- Энтузиазм — мотивирует команду\n- Благодарность — укрепляет отношения\n- Оптимизм — помогает в трудностях\n\n### Сложные эмоции:\n- Стресс — может снижать эффективность\n- Фрустрация — требует конструктивного выхода\n- Тревога — нужны техники успокоения\n\n## Техники управления эмоциями\n\n### 1. Техника STOP\n- **S**top — остановитесь\n- **T**ake a breath — сделайте вдох\n- **O**bserve — понаблюдайте за эмоциями\n- **P**roceed — действуйте осознанно\n\n### 2. Переформулирование\nИзмените внутренний диалог:\n❌ "Это катастрофа!"\n✅ "Это вызов, который можно решить"\n\n### 3. Техника 5-4-3-2-1\nПри стрессе назовите:\n- 5 вещей, которые видите\n- 4 вещи, которые слышите  \n- 3 вещи, которые можете потрогать\n- 2 запаха\n- 1 вкус\n        \n\n## 📹 Видео к уроку\n\n**Профессиональная лекция об основах эмоционального интеллекта. Развитие навыков управления эмоциями в общении.**\n\n🔗 **Ссылка на видео:** https://www.youtube.com/watch?v=JJ6Pa83oW7w\n\n### Что вы узнаете из видео:\n- Практические техники и методы\n- Реальные примеры применения\n- Экспертные советы и рекомендации\n- Дополнительные инсайты по теме урока\n\n*Рекомендуется просмотреть видео после изучения теоретического материала для закрепления знаний.*\n\n\n## 📹 Видео урок\n\n**Ссылка:** https://www.youtube.com/watch?v=JJ6Pa83oW7w\n**ID видео:** JJ6Pa83oW7w\n**Тип контента:** VIDEO','\n',char(10)),9,2,'2025-06-02 09:58:39',NULL);
INSERT INTO lessons VALUES(22,'Практикум: Интеграция коммуникативных навыков',replace('# Практикум: Интеграция коммуникативных навыков\n\n\n# Практикум: Интеграция коммуникативных навыков\n\n## Цель практикума\n\nОбъединить все изученные навыки коммуникации и применить их в комплексных сценариях.\n\n## Ключевые навыки для интеграции\n\n### 1. Активное слушание\n- Техники SBI (Situation-Behavior-Impact)\n- Эмпатическое понимание\n- Парафразирование и резюмирование\n\n### 2. Невербальная коммуникация\n- Язык тела и жесты\n- Зрительный контакт\n- Управление пространством\n\n### 3. Управление эмоциями\n- Техника STOP\n- Эмоциональная регуляция\n- Конструктивное выражение чувств\n\n### 4. Конфликт-менеджмент\n- Деэскалация напряжения\n- Поиск win-win решений\n- Медиация между сторонами\n\n## Практические сценарии\n\n### Сценарий 1: Сложная презентация\n**Ситуация**: Презентация проекта перед скептически настроенной аудиторией\n\n**Применяемые навыки**:\n- Структурирование информации\n- Работа с возражениями\n- Невербальная уверенность\n- Адаптация к аудитории\n\n### Сценарий 2: Командный конфликт\n**Ситуация**: Конфликт между двумя коллегами влияет на работу команды\n\n**Применяемые навыки**:\n- Активное слушание всех сторон\n- Эмоциональная регуляция\n- Медиация и поиск компромиссов\n- Обратная связь\n\n### Сценарий 3: Межкультурная коммуникация\n**Ситуация**: Работа с международной командой с разными культурными особенностями\n\n**Применяемые навыки**:\n- Культурная чувствительность\n- Адаптация стиля общения\n- Цифровая коммуникация\n- Инклюзивность\n\n## Модель GROW в действии\n\nДля каждого сценария используйте модель GROW:\n\n- **Goal** — Какой результат хотим достичь?\n- **Reality** — Что происходит сейчас?\n- **Options** — Какие у нас есть варианты?\n- **Will** — Что конкретно будем делать?\n\n## Самооценка и планирование развития\n\n### Чек-лист коммуникативных навыков:\n\n1. **Слушание** (1-10): ___\n2. **Говорение** (1-10): ___\n3. **Невербальное общение** (1-10): ___\n4. **Управление конфликтами** (1-10): ___\n5. **Обратная связь** (1-10): ___\n6. **Презентации** (1-10): ___\n7. **Цифровая коммуникация** (1-10): ___\n8. **Межкультурное общение** (1-10): ___\n9. **Эмоциональный интеллект** (1-10): ___\n\n### План развития на 3 месяца:\n\n**Цель 1**: (выберите 2-3 навыка для фокуса)\n**Действия**: (конкретные шаги)\n**Метрики**: (как измерить прогресс)\n\n## Заключение\n\nЭффективная коммуникация — это навык, который развивается постоянно. Продолжайте практиковаться и получать обратную связь!\n    \n\n## 📹 Видео к уроку\n\n**Урок о различных видах публичных выступлений. Практическое применение всех изученных коммуникативных техник.**\n\n🔗 **Ссылка на видео:** https://www.youtube.com/watch?v=hcAm5lyQVyk\n\n### Что вы узнаете из видео:\n- Практические техники и методы\n- Реальные примеры применения\n- Экспертные советы и рекомендации\n- Дополнительные инсайты по теме урока\n\n*Рекомендуется просмотреть видео после изучения теоретического материала для закрепления знаний.*\n\n\n## 📹 Видео урок\n\n**Ссылка:** https://www.youtube.com/watch?v=hcAm5lyQVyk\n**ID видео:** hcAm5lyQVyk\n**Тип контента:** VIDEO','\n',char(10)),10,2,'2025-06-02 09:58:39',NULL);
INSERT INTO lessons VALUES(23,'Эффективная коммуникация',replace('# Эффективная коммуникация\n\n## Введение\n\nЭффективная коммуникация является основой успешной работы в команде.\n\n### Ключевые принципы\n\n1. **Активное слушание** - внимательно слушайте собеседника\n2. **Ясность изложения** - выражайте мысли четко и понятно\n3. **Эмпатия** - понимайте точку зрения других\n\n### Практические советы\n\n- Используйте "Я-высказывания" вместо обвинений\n- Задавайте открытые вопросы\n- Подтверждайте понимание перефразированием\n\n## Заключение\n\nПрименяя эти принципы, вы значительно улучшите качество коммуникации в команде.\n\n## 📹 Видео к уроку\n\n**Профессиональный урок об основах деловой коммуникации. Изучите ключевые принципы эффективного общения в бизнес-среде.**\n\n🔗 **Ссылка на видео:** https://www.youtube.com/watch?v=Nu9uvs2UeaM\n\n### Что вы узнаете из видео:\n- Практические техники и методы\n- Реальные примеры применения\n- Экспертные советы и рекомендации\n- Дополнительные инсайты по теме урока\n\n*Рекомендуется просмотреть видео после изучения теоретического материала для закрепления знаний.*\n\n\n## 📹 Видео урок\n\n**Ссылка:** https://www.youtube.com/watch?v=Nu9uvs2UeaM\n**ID видео:** Nu9uvs2UeaM\n**Тип контента:** VIDEO','\n',char(10)),11,2,'2025-06-02 09:58:39',NULL);
INSERT INTO lessons VALUES(24,'Техники активного слушания',replace('# Техники активного слушания\n\n# Техники активного слушания\n\n## Основы активного слушания\n\nАктивное слушание — это навык полного погружения в процесс восприятия информации от собеседника с целью максимального понимания как содержания, так и эмоций.\n\n### Уровни слушания\n\n1. **Внутреннее слушание**\n   - Фокус на собственных мыслях\n   - Подготовка ответа во время речи собеседника\n   - Оценочные суждения\n\n2. **Фокусированное слушание**\n   - Концентрация на словах собеседника\n   - Понимание содержания\n   - Минимальные внутренние отвлечения\n\n3. **Глобальное слушание**\n   - Восприятие всех сигналов\n   - Внимание к эмоциям и энергии\n   - Интуитивное понимание\n\n### Техники активного слушания\n\n**Парафраз (Перефразирование):**\n- Повторение услышанного своими словами\n- Проверка понимания\n- Пример: "Если я правильно понял, вы говорите о..."\n\n**Отражение чувств:**\n- Озвучивание эмоционального состояния\n- Демонстрация эмпатии\n- Пример: "Я вижу, что вы расстроены этой ситуацией"\n\n**Уточнение:**\n- Открытые вопросы для получения деталей\n- Избегание предположений\n- Пример: "Можете ли вы рассказать больше о..."\n\n**Резюмирование:**\n- Обобщение ключевых моментов\n- Структурирование информации\n- Пример: "Итак, основные моменты..."\n\n### Невербальные сигналы\n\n**Поза и жесты:**\n- Открытая поза тела\n- Наклон к собеседнику\n- Зрительный контакт\n- Кивки головой\n\n**Мимика:**\n- Соответствующее выражение лица\n- Отражение эмоций собеседника\n- Искренность в выражениях\n\n**Голосовые сигналы:**\n- Тон голоса\n- Скорость речи\n- Паузы\n- Интонации\n\n### Препятствия для активного слушания\n\n**Внутренние барьеры:**\n- Предварительные суждения\n- Эмоциональные реакции\n- Отвлечение на собственные мысли\n- Подготовка возражений\n\n**Внешние факторы:**\n- Шум и отвлекающие факторы\n- Временные ограничения\n- Неподходящая обстановка\n- Технические помехи\n\n### Эмпатическое слушание\n\n**Принципы эмпатии:**\n- Понимание без оценки\n- Принятие чувств собеседника\n- Сопереживание\n- Поддержка\n\n**Техники развития эмпатии:**\n- Постановка себя на место другого\n- Внимание к эмоциональным сигналам\n- Отложение собственных суждений\n- Создание безопасного пространства\n\n### Активное слушание в конфликтах\n\n**Деэскалация:**\n- Спокойный тон голоса\n- Признание чувств сторон\n- Поиск общих интересов\n- Фокус на фактах\n\n**Медиация:**\n- Нейтральная позиция\n- Равное время для каждой стороны\n- Структурирование диалога\n- Поиск решений\n\n### Практические упражнения\n\n**Упражнение "Зеркало":**\n- Повторение последних слов собеседника\n- Отражение тона и эмоций\n- Проверка понимания\n\n**Упражнение "Три уровня":**\n- Слушание фактов (что говорится)\n- Слушание эмоций (как говорится)\n- Слушание потребностей (зачем говорится)\n\n### Развитие навыков\n\n**Ежедневная практика:**\n- Сосредоточенное слушание в каждом разговоре\n- Отключение электронных устройств\n- Задавание открытых вопросов\n- Благодарность за откровенность\n\n\n## 📹 Видео к уроку\n\n**Практический урок о техниках активного слушания. Научитесь лучше понимать собеседника и выстраивать доверительные отношения.**\n\n🔗 **Ссылка на видео:** https://www.youtube.com/watch?v=QWvijbXrCCQ\n\n### Что вы узнаете из видео:\n- Практические техники и методы\n- Реальные примеры применения\n- Экспертные советы и рекомендации\n- Дополнительные инсайты по теме урока\n\n*Рекомендуется просмотреть видео после изучения теоретического материала для закрепления знаний.*\n\n\n## 📹 Видео урок\n\n**Ссылка:** https://www.youtube.com/watch?v=QWvijbXrCCQ\n**ID видео:** QWvijbXrCCQ\n**Тип контента:** VIDEO','\n',char(10)),12,2,'2025-06-02 09:58:39',NULL);
CREATE TABLE user_answers (
	id INTEGER NOT NULL, 
	assessment_id INTEGER NOT NULL, 
	question_id INTEGER NOT NULL, 
	selected_option_id INTEGER, 
	text_answer TEXT, 
	scale_value INTEGER, 
	answered_at DATETIME DEFAULT (CURRENT_TIMESTAMP), 
	PRIMARY KEY (id), 
	FOREIGN KEY(assessment_id) REFERENCES skill_assessments (id), 
	FOREIGN KEY(question_id) REFERENCES skill_questions (id), 
	FOREIGN KEY(selected_option_id) REFERENCES question_options (id)
);
INSERT INTO user_answers VALUES(1,1,1,2,NULL,NULL,'2025-06-01 13:06:11');
INSERT INTO user_answers VALUES(2,1,2,7,NULL,NULL,'2025-06-01 13:06:11');
INSERT INTO user_answers VALUES(3,1,3,11,NULL,NULL,'2025-06-01 13:06:11');
INSERT INTO user_answers VALUES(4,1,4,17,NULL,NULL,'2025-06-01 13:06:11');
INSERT INTO user_answers VALUES(5,1,5,22,NULL,NULL,'2025-06-01 13:06:11');
INSERT INTO user_answers VALUES(6,1,6,30,NULL,NULL,'2025-06-01 13:06:11');
INSERT INTO user_answers VALUES(7,1,7,33,NULL,NULL,'2025-06-01 13:06:11');
INSERT INTO user_answers VALUES(8,1,8,40,NULL,NULL,'2025-06-01 13:06:11');
INSERT INTO user_answers VALUES(9,1,9,42,NULL,NULL,'2025-06-01 13:06:11');
INSERT INTO user_answers VALUES(10,1,10,48,NULL,NULL,'2025-06-01 13:06:11');
INSERT INTO user_answers VALUES(11,1,11,53,NULL,NULL,'2025-06-01 13:06:11');
INSERT INTO user_answers VALUES(12,1,12,59,NULL,NULL,'2025-06-01 13:06:11');
INSERT INTO user_answers VALUES(13,2,1,2,NULL,NULL,'2025-06-01 19:50:00');
INSERT INTO user_answers VALUES(14,2,2,8,NULL,NULL,'2025-06-01 19:50:00');
INSERT INTO user_answers VALUES(15,2,3,12,NULL,NULL,'2025-06-01 19:50:00');
INSERT INTO user_answers VALUES(16,2,4,18,NULL,NULL,'2025-06-01 19:50:00');
INSERT INTO user_answers VALUES(17,2,5,22,NULL,NULL,'2025-06-01 19:50:00');
INSERT INTO user_answers VALUES(18,2,6,28,NULL,NULL,'2025-06-01 19:50:00');
INSERT INTO user_answers VALUES(19,2,7,33,NULL,NULL,'2025-06-01 19:50:00');
INSERT INTO user_answers VALUES(20,2,8,36,NULL,NULL,'2025-06-01 19:50:00');
INSERT INTO user_answers VALUES(21,2,9,43,NULL,NULL,'2025-06-01 19:50:00');
INSERT INTO user_answers VALUES(22,2,10,46,NULL,NULL,'2025-06-01 19:50:00');
INSERT INTO user_answers VALUES(23,2,11,52,NULL,NULL,'2025-06-01 19:50:00');
INSERT INTO user_answers VALUES(24,2,12,56,NULL,NULL,'2025-06-01 19:50:00');
INSERT INTO user_answers VALUES(25,3,1,1,NULL,NULL,'2025-06-02 11:12:32');
INSERT INTO user_answers VALUES(26,3,2,8,NULL,NULL,'2025-06-02 11:12:32');
INSERT INTO user_answers VALUES(27,3,3,15,NULL,NULL,'2025-06-02 11:12:32');
INSERT INTO user_answers VALUES(28,3,4,17,NULL,NULL,'2025-06-02 11:12:32');
INSERT INTO user_answers VALUES(29,3,5,23,NULL,NULL,'2025-06-02 11:12:32');
INSERT INTO user_answers VALUES(30,3,6,29,NULL,NULL,'2025-06-02 11:12:32');
INSERT INTO user_answers VALUES(31,3,7,31,NULL,NULL,'2025-06-02 11:12:32');
INSERT INTO user_answers VALUES(32,3,8,40,NULL,NULL,'2025-06-02 11:12:32');
INSERT INTO user_answers VALUES(33,3,9,42,NULL,NULL,'2025-06-02 11:12:32');
INSERT INTO user_answers VALUES(34,3,10,49,NULL,NULL,'2025-06-02 11:12:32');
INSERT INTO user_answers VALUES(35,3,11,51,NULL,NULL,'2025-06-02 11:12:32');
INSERT INTO user_answers VALUES(36,3,12,59,NULL,NULL,'2025-06-02 11:12:32');
INSERT INTO user_answers VALUES(37,4,1,3,NULL,NULL,'2025-06-02 14:35:51');
INSERT INTO user_answers VALUES(38,4,2,10,NULL,NULL,'2025-06-02 14:35:51');
INSERT INTO user_answers VALUES(39,4,3,12,NULL,NULL,'2025-06-02 14:35:51');
INSERT INTO user_answers VALUES(40,4,4,19,NULL,NULL,'2025-06-02 14:35:51');
INSERT INTO user_answers VALUES(41,4,5,21,NULL,NULL,'2025-06-02 14:35:51');
INSERT INTO user_answers VALUES(42,4,6,28,NULL,NULL,'2025-06-02 14:35:51');
INSERT INTO user_answers VALUES(43,4,7,34,NULL,NULL,'2025-06-02 14:35:51');
INSERT INTO user_answers VALUES(44,4,8,39,NULL,NULL,'2025-06-02 14:35:51');
INSERT INTO user_answers VALUES(45,4,9,42,NULL,NULL,'2025-06-02 14:35:51');
INSERT INTO user_answers VALUES(46,4,10,50,NULL,NULL,'2025-06-02 14:35:51');
INSERT INTO user_answers VALUES(47,4,11,51,NULL,NULL,'2025-06-02 14:35:51');
INSERT INTO user_answers VALUES(48,4,12,58,NULL,NULL,'2025-06-02 14:35:51');
CREATE TABLE daily_tasks (
	id INTEGER NOT NULL, 
	title VARCHAR(200) NOT NULL, 
	description TEXT NOT NULL, 
	task_type VARCHAR(22) NOT NULL, 
	difficulty VARCHAR(6) NOT NULL, 
	points INTEGER NOT NULL, 
	is_active BOOLEAN, 
	created_at DATETIME DEFAULT (CURRENT_TIMESTAMP), 
	PRIMARY KEY (id)
);
INSERT INTO daily_tasks VALUES(1,'Поговорите с незнакомым человеком','Начните разговор с кем-то новым сегодня. Это может быть коллега из другого отдела, сосед или человек в очереди.','COMMUNICATION','EASY',15,1,'2025-06-01 13:11:59');
INSERT INTO daily_tasks VALUES(2,'Попросите обратную связь','Попросите коллегу или руководителя дать вам обратную связь по недавней работе или проекту.','COMMUNICATION','MEDIUM',20,1,'2025-06-01 13:11:59');
INSERT INTO daily_tasks VALUES(3,'Проведите презентацию','Представьте свою идею или проект перед группой людей, даже если это всего лишь 5-минутная презентация.','COMMUNICATION','HARD',30,1,'2025-06-01 13:11:59');
INSERT INTO daily_tasks VALUES(4,'Активно слушайте собеседника','В следующем разговоре сосредоточьтесь на активном слушании - задавайте уточняющие вопросы и перефразируйте сказанное.','COMMUNICATION','EASY',10,1,'2025-06-01 13:11:59');
INSERT INTO daily_tasks VALUES(5,'Возьмите инициативу в команде','Предложите новую идею или возьмите на себя организацию небольшого проекта или встречи.','LEADERSHIP','MEDIUM',25,1,'2025-06-01 13:11:59');
INSERT INTO daily_tasks VALUES(6,'Помогите коллеге решить проблему','Найдите коллегу, у которого есть сложности, и предложите свою помощь в решении проблемы.','LEADERSHIP','EASY',15,1,'2025-06-01 13:11:59');
INSERT INTO daily_tasks VALUES(7,'Дайте конструктивную обратную связь','Предоставьте полезную и конструктивную обратную связь коллеге или подчиненному.','LEADERSHIP','MEDIUM',20,1,'2025-06-01 13:11:59');
INSERT INTO daily_tasks VALUES(8,'Организуйте командную встречу','Инициируйте и проведите короткую командную встречу для обсуждения текущих задач или планов.','LEADERSHIP','HARD',30,1,'2025-06-01 13:11:59');
INSERT INTO daily_tasks VALUES(9,'Предложите помощь коллеге','Активно предложите помощь коллеге с его задачей или проектом.','TEAMWORK','EASY',10,1,'2025-06-01 13:11:59');
INSERT INTO daily_tasks VALUES(10,'Организуйте совместный обед','Пригласите коллег на совместный обед или кофе-брейк для неформального общения.','TEAMWORK','EASY',15,1,'2025-06-01 13:11:59');
INSERT INTO daily_tasks VALUES(11,'Поделитесь знаниями с командой','Проведите небольшую сессию знакомства с новым инструментом или методом работы для коллег.','TEAMWORK','MEDIUM',25,1,'2025-06-01 13:11:59');
INSERT INTO daily_tasks VALUES(12,'Разрешите конфликт в команде','Если есть разногласия в команде, помогите найти компромисс и решение, которое устроит всех.','TEAMWORK','HARD',35,1,'2025-06-01 13:11:59');
INSERT INTO daily_tasks VALUES(13,'Найдите альтернативное решение','Для любой задачи, с которой вы столкнетесь сегодня, найдите как минимум два разных способа ее решения.','PROBLEM_SOLVING','EASY',15,1,'2025-06-01 13:11:59');
INSERT INTO daily_tasks VALUES(14,'Проанализируйте сложную проблему','Разбейте сложную проблему на более мелкие части и составьте план решения каждой из них.','PROBLEM_SOLVING','MEDIUM',20,1,'2025-06-01 13:11:59');
INSERT INTO daily_tasks VALUES(15,'Используйте метод ''Пять почему''','Примените технику ''5 почему'' к любой проблеме, чтобы добраться до ее корня.','PROBLEM_SOLVING','MEDIUM',25,1,'2025-06-01 13:11:59');
INSERT INTO daily_tasks VALUES(16,'Предложите инновационное решение','Найдите творческий и нестандартный подход к решению рабочей задачи.','PROBLEM_SOLVING','HARD',30,1,'2025-06-01 13:11:59');
INSERT INTO daily_tasks VALUES(17,'Составьте детальный план дня','Распланируйте свой день по часам, включая время на задачи, перерывы и неожиданности.','TIME_MANAGEMENT','EASY',10,1,'2025-06-01 13:11:59');
INSERT INTO daily_tasks VALUES(18,'Используйте технику Помодоро','Поработайте минимум 2 часа, используя технику Помодоро (25 минут работы, 5 минут перерыв).','TIME_MANAGEMENT','EASY',15,1,'2025-06-01 13:11:59');
INSERT INTO daily_tasks VALUES(19,'Устраните одного пожирателя времени','Определите одну вещь, которая тратит ваше время попусту, и исключите ее сегодня.','TIME_MANAGEMENT','MEDIUM',20,1,'2025-06-01 13:11:59');
INSERT INTO daily_tasks VALUES(20,'Делегируйте задачу','Найдите задачу, которую можно делегировать, и передайте ее подходящему человеку с четкими инструкциями.','TIME_MANAGEMENT','HARD',25,1,'2025-06-01 13:11:59');
INSERT INTO daily_tasks VALUES(21,'Проанализируйте свои эмоции','В течение дня 3 раза остановитесь и запишите, что вы чувствуете и почему.','EMOTIONAL_INTELLIGENCE','EASY',10,1,'2025-06-01 13:11:59');
INSERT INTO daily_tasks VALUES(22,'Проявите эмпатию к коллеге','Попытайтесь понять точку зрения коллеги, с которым у вас есть разногласия.','EMOTIONAL_INTELLIGENCE','MEDIUM',20,1,'2025-06-01 13:11:59');
INSERT INTO daily_tasks VALUES(23,'Управляйте стрессом','Когда почувствуете стресс, примените технику дыхания или медитации для успокоения.','EMOTIONAL_INTELLIGENCE','MEDIUM',25,1,'2025-06-01 13:11:59');
INSERT INTO daily_tasks VALUES(24,'Поддержите коллегу','Найдите коллегу, который выглядит расстроенным или подавленным, и предложите поддержку.','EMOTIONAL_INTELLIGENCE','EASY',15,1,'2025-06-01 13:11:59');
CREATE TABLE user_levels (
	id INTEGER NOT NULL, 
	user_id INTEGER NOT NULL, 
	total_points INTEGER, 
	current_level INTEGER, 
	points_to_next_level INTEGER, 
	PRIMARY KEY (id), 
	UNIQUE (user_id), 
	FOREIGN KEY(user_id) REFERENCES users (id)
);
INSERT INTO user_levels VALUES(1,1,110,2,140);
INSERT INTO user_levels VALUES(2,4,105,2,145);
INSERT INTO user_levels VALUES(3,10,160,2,90);
INSERT INTO user_levels VALUES(4,9,0,1,100);
CREATE TABLE task_completions (
	id INTEGER NOT NULL, 
	user_id INTEGER NOT NULL, 
	task_id INTEGER NOT NULL, 
	completed_at DATETIME DEFAULT (CURRENT_TIMESTAMP), 
	points_earned INTEGER NOT NULL, 
	PRIMARY KEY (id), 
	FOREIGN KEY(user_id) REFERENCES users (id), 
	FOREIGN KEY(task_id) REFERENCES daily_tasks (id)
);
INSERT INTO task_completions VALUES(1,1,3,'2025-06-01 13:14:37',30);
INSERT INTO task_completions VALUES(2,1,6,'2025-06-01 13:14:46',15);
INSERT INTO task_completions VALUES(3,1,11,'2025-06-01 13:14:52',25);
INSERT INTO task_completions VALUES(4,4,13,'2025-06-01 19:50:44',15);
INSERT INTO task_completions VALUES(5,4,3,'2025-06-01 19:50:52',30);
INSERT INTO task_completions VALUES(6,4,23,'2025-06-01 19:51:06',25);
INSERT INTO task_completions VALUES(7,4,24,'2025-06-01 19:51:14',15);
INSERT INTO task_completions VALUES(8,4,19,'2025-06-01 19:51:30',20);
INSERT INTO task_completions VALUES(9,1,20,'2025-06-01 22:49:48',25);
INSERT INTO task_completions VALUES(10,1,13,'2025-06-02 11:12:57',15);
INSERT INTO task_completions VALUES(11,10,18,'2025-06-02 14:35:00',15);
INSERT INTO task_completions VALUES(12,10,14,'2025-06-02 14:35:03',20);
INSERT INTO task_completions VALUES(13,10,10,'2025-06-02 14:35:08',15);
INSERT INTO task_completions VALUES(14,10,15,'2025-06-02 14:35:18',25);
INSERT INTO task_completions VALUES(15,10,19,'2025-06-02 14:40:19',20);
INSERT INTO task_completions VALUES(16,10,11,'2025-06-02 15:08:21',25);
INSERT INTO task_completions VALUES(17,10,24,'2025-06-02 15:08:25',15);
INSERT INTO task_completions VALUES(18,10,6,'2025-06-02 15:13:00',15);
INSERT INTO task_completions VALUES(19,10,17,'2025-06-02 15:13:03',10);
INSERT INTO task_completions VALUES(20,9,17,'2025-06-02 15:17:35',10);
INSERT INTO task_completions VALUES(21,9,15,'2025-06-02 15:18:00',25);
INSERT INTO task_completions VALUES(22,10,8,'2025-06-02 15:19:25',30);
INSERT INTO task_completions VALUES(23,10,12,'2025-06-02 16:44:13',35);
INSERT INTO task_completions VALUES(24,10,21,'2025-06-02 16:48:12',10);
INSERT INTO task_completions VALUES(25,10,9,'2025-06-02 16:48:15',10);
CREATE TABLE user_daily_task_assignments (
	id INTEGER NOT NULL, 
	user_id INTEGER NOT NULL, 
	task_id INTEGER NOT NULL, 
	assigned_date DATETIME DEFAULT (CURRENT_TIMESTAMP), 
	is_completed BOOLEAN, 
	completed_at DATETIME, 
	PRIMARY KEY (id), 
	FOREIGN KEY(user_id) REFERENCES users (id), 
	FOREIGN KEY(task_id) REFERENCES daily_tasks (id)
);
INSERT INTO user_daily_task_assignments VALUES(1,1,3,'2025-06-01 18:14:27.491295',1,'2025-06-01 18:14:37.348808');
INSERT INTO user_daily_task_assignments VALUES(2,1,6,'2025-06-01 18:14:27.491514',1,'2025-06-01 18:14:46.663281');
INSERT INTO user_daily_task_assignments VALUES(3,1,11,'2025-06-01 18:14:27.491554',1,'2025-06-01 18:14:52.051008');
INSERT INTO user_daily_task_assignments VALUES(4,1,20,'2025-06-02 00:20:33.143641',1,'2025-06-02 03:49:48.499884');
INSERT INTO user_daily_task_assignments VALUES(5,4,13,'2025-06-02 00:50:29.612424',1,'2025-06-02 00:50:44.469492');
INSERT INTO user_daily_task_assignments VALUES(6,4,3,'2025-06-02 00:50:44.475468',1,'2025-06-02 00:50:52.224455');
INSERT INTO user_daily_task_assignments VALUES(7,4,23,'2025-06-02 00:50:52.229210',1,'2025-06-02 00:51:06.171770');
INSERT INTO user_daily_task_assignments VALUES(8,4,24,'2025-06-02 00:51:06.175817',1,'2025-06-02 00:51:14.696209');
INSERT INTO user_daily_task_assignments VALUES(9,4,19,'2025-06-02 00:51:14.698754',1,'2025-06-02 00:51:30.294645');
INSERT INTO user_daily_task_assignments VALUES(10,4,2,'2025-06-02 00:51:30.300010',0,NULL);
INSERT INTO user_daily_task_assignments VALUES(11,1,13,'2025-06-02 03:49:48.509766',1,'2025-06-02 16:12:57.870060');
INSERT INTO user_daily_task_assignments VALUES(12,1,8,'2025-06-02 16:12:57.879379',0,NULL);
INSERT INTO user_daily_task_assignments VALUES(13,10,18,'2025-06-02 19:33:56.911802',1,'2025-06-02 19:35:00.642532');
INSERT INTO user_daily_task_assignments VALUES(14,10,14,'2025-06-02 19:35:00.651599',1,'2025-06-02 19:35:03.146671');
INSERT INTO user_daily_task_assignments VALUES(15,10,10,'2025-06-02 19:35:03.152606',1,'2025-06-02 19:35:08.465470');
INSERT INTO user_daily_task_assignments VALUES(16,10,15,'2025-06-02 19:35:08.471767',1,'2025-06-02 19:35:18.041677');
INSERT INTO user_daily_task_assignments VALUES(17,10,19,'2025-06-02 19:35:18.047192',1,'2025-06-02 19:40:19.216442');
INSERT INTO user_daily_task_assignments VALUES(18,10,11,'2025-06-02 19:40:19.218490',1,'2025-06-02 20:08:21.860657');
INSERT INTO user_daily_task_assignments VALUES(19,10,24,'2025-06-02 20:08:21.870167',1,'2025-06-02 20:08:25.588795');
INSERT INTO user_daily_task_assignments VALUES(20,10,6,'2025-06-02 20:08:25.595613',1,'2025-06-02 20:12:59.999108');
INSERT INTO user_daily_task_assignments VALUES(21,10,17,'2025-06-02 20:13:00.008903',1,'2025-06-02 20:13:03.590510');
INSERT INTO user_daily_task_assignments VALUES(22,10,8,'2025-06-02 20:13:03.597435',1,'2025-06-02 20:19:25.668261');
INSERT INTO user_daily_task_assignments VALUES(23,9,17,'2025-06-02 20:17:28.259965',1,'2025-06-02 20:17:35.870309');
INSERT INTO user_daily_task_assignments VALUES(24,9,15,'2025-06-02 20:17:35.874795',1,'2025-06-02 20:18:00.483925');
INSERT INTO user_daily_task_assignments VALUES(25,9,18,'2025-06-02 20:18:00.486007',0,NULL);
INSERT INTO user_daily_task_assignments VALUES(26,10,12,'2025-06-02 20:19:25.676423',1,'2025-06-02 21:44:13.787148');
INSERT INTO user_daily_task_assignments VALUES(27,10,21,'2025-06-02 21:44:13.797565',1,'2025-06-02 21:48:12.665882');
INSERT INTO user_daily_task_assignments VALUES(28,10,9,'2025-06-02 21:48:12.675025',1,'2025-06-02 21:48:15.528120');
INSERT INTO user_daily_task_assignments VALUES(29,10,20,'2025-06-02 21:48:15.535051',0,NULL);
CREATE TABLE learning_materials (
	id INTEGER NOT NULL, 
	title VARCHAR(255) NOT NULL, 
	description TEXT, 
	content_type VARCHAR(8) NOT NULL, 
	skill_type VARCHAR(22) NOT NULL, 
	difficulty_level VARCHAR(12) NOT NULL, 
	duration_minutes INTEGER, 
	author VARCHAR(100), 
	theory_content TEXT, 
	video_url VARCHAR(500), 
	video_id VARCHAR(100), 
	source_url VARCHAR(500), 
	is_published BOOLEAN, 
	created_at DATETIME DEFAULT (CURRENT_TIMESTAMP), 
	updated_at DATETIME, 
	PRIMARY KEY (id)
);
INSERT INTO learning_materials VALUES(3,'Эффективная коммуникация','Изучите основы эффективного общения в команде','VIDEO','COMMUNICATION','BEGINNER',15,'Маргулан Жанкожа',replace('## Введение\n\nЭффективная коммуникация является основой успешной работы в команде.\n\n### Ключевые принципы\n\n1. **Активное слушание** - внимательно слушайте собеседника\n2. **Ясность изложения** - выражайте мысли четко и понятно\n3. **Эмпатия** - понимайте точку зрения других\n\n### Практические советы\n\n- Используйте "Я-высказывания" вместо обвинений\n- Задавайте открытые вопросы\n- Подтверждайте понимание перефразированием\n\n## Заключение\n\nПрименяя эти принципы, вы значительно улучшите качество коммуникации в команде.\n\n## 📹 Видео к уроку\n\n**Профессиональный урок об основах деловой коммуникации. Изучите ключевые принципы эффективного общения в бизнес-среде.**\n\n🔗 **Ссылка на видео:** https://www.youtube.com/watch?v=Nu9uvs2UeaM\n\n### Что вы узнаете из видео:\n- Практические техники и методы\n- Реальные примеры применения\n- Экспертные советы и рекомендации\n- Дополнительные инсайты по теме урока\n\n*Рекомендуется просмотреть видео после изучения теоретического материала для закрепления знаний.*\n','\n',char(10)),'https://www.youtube.com/watch?v=Nu9uvs2UeaM','Nu9uvs2UeaM','https://example.com/communication-guide',1,'2025-06-01 15:16:29','2025-06-02 09:40:08');
INSERT INTO learning_materials VALUES(4,'Управление временем и приоритетами','Изучите техники планирования, методы расстановки приоритетов и борьбы с прокрастинацией','ARTICLE','TIME_MANAGEMENT','BEGINNER',12,'Михаил Иванов',replace('# Управление временем и приоритетами\n\n## Основы тайм-менеджмента\n\nЭффективное управление временем — ключевой навык для достижения успеха в любой сфере деятельности.\n\n### Принципы эффективного планирования\n\n1. **Правило 80/20 (Принцип Парето)**\n   - 80% результатов достигается за счет 20% усилий\n   - Сосредоточьтесь на наиболее важных задачах\n   - Определите свои ключевые действия\n\n2. **Техника Pomodoro**\n   - Работайте блоками по 25 минут\n   - Делайте перерывы по 5 минут\n   - Каждые 4 блока — длинный перерыв 15-30 минут\n\n3. **Метод GTD (Getting Things Done)**\n   - Запишите все задачи\n   - Обработайте каждую задачу\n   - Организуйте по категориям\n   - Регулярно просматривайте список\n\n### Борьба с прокрастинацией\n\n**Причины прокрастинации:**\n- Страх неудачи\n- Перфекционизм\n- Отсутствие мотивации\n- Overwhelm (перегрузка задачами)\n\n**Методы борьбы:**\n- Разбивайте большие задачи на маленькие\n- Используйте технику "съесть лягушку" — делайте сложное утром\n- Создавайте дедлайны и придерживайтесь их\n- Награждайте себя за выполнение задач\n\n### Инструменты планирования\n\n- **Календари**: Google Calendar, Outlook\n- **Таск-менеджеры**: Todoist, Notion, Trello\n- **Техники**: Bullet Journal, Канбан-доски\n','\n',char(10)),'','','https://todoist.com/productivity-methods',1,'2025-06-01 20:21:21',NULL);
INSERT INTO learning_materials VALUES(5,'Эмоциональный интеллект в работе','Развитие навыков распознавания эмоций, управления стрессом и построения эмпатических отношений','VIDEO','EMOTIONAL_INTELLIGENCE','INTERMEDIATE',18,'Анна Смирнова',replace('# Эмоциональный интеллект в рабочей среде\n\n## Что такое эмоциональный интеллект?\n\nЭмоциональный интеллект (EQ) — способность понимать, управлять и эффективно использовать эмоции в общении с другими людьми.\n\n### Четыре компонента EQ\n\n1. **Самосознание**\n   - Понимание своих эмоций\n   - Осознание сильных и слабых сторон\n   - Уверенность в себе\n\n2. **Самоуправление**\n   - Эмоциональный самоконтроль\n   - Адаптивность\n   - Мотивация достижения\n\n3. **Социальное сознание**\n   - Эмпатия\n   - Организационная осведомленность\n   - Ориентация на сервис\n\n4. **Управление отношениями**\n   - Влияние\n   - Коучинг и наставничество\n   - Управление конфликтами\n   - Командное лидерство\n\n### Развитие эмпатии\n\n**Техники активной эмпатии:**\n- Слушайте не только слова, но и эмоции\n- Задавайте уточняющие вопросы\n- Отражайте чувства собеседника\n- Избегайте немедленных советов\n\n### Управление стрессом\n\n**Признаки стресса:**\n- Физические: головная боль, усталость\n- Эмоциональные: раздражительность, тревога\n- Поведенческие: избегание, прокрастинация\n\n**Техники снижения стресса:**\n- Дыхательные упражнения\n- Медитация и майндфулнес\n- Физическая активность\n- Техники релаксации\n\n### Эмоциональная грамотность в команде\n\n- Создавайте психологически безопасную среду\n- Поощряйте открытое выражение эмоций\n- Обучайте команду техникам эмоциональной регуляции\n- Регулярно проводите эмоциональный чек-ин\n','\n',char(10)),'https://www.youtube.com/watch?v=Y7m9eNoB3NU','Y7m9eNoB3NU','https://hbr.org/topic/emotional-intelligence',1,'2025-06-01 20:21:21',NULL);
INSERT INTO learning_materials VALUES(6,'Построение эффективной команды','Принципы командной работы, роли в команде, разрешение конфликтов и создание синергии','TUTORIAL','TEAMWORK','INTERMEDIATE',22,'Дмитрий Козлов',replace('# Построение эффективной команды\n\n## Стадии развития команды\n\n### Модель Такмана (Forming-Storming-Norming-Performing)\n\n1. **Формирование (Forming)**\n   - Знакомство участников\n   - Определение целей\n   - Установление правил\n   - Высокая зависимость от лидера\n\n2. **Штурм (Storming)**\n   - Конфликты и разногласия\n   - Борьба за власть\n   - Сопротивление задачам\n   - Критический этап\n\n3. **Нормирование (Norming)**\n   - Установление норм\n   - Развитие сплоченности\n   - Принятие ролей\n   - Улучшение коммуникации\n\n4. **Продуктивность (Performing)**\n   - Высокая эффективность\n   - Взаимозависимость\n   - Фокус на результате\n   - Самоуправление\n\n### Роли в команде по Белбину\n\n**Мыслительные роли:**\n- **Генератор идей** — креативность и инновации\n- **Аналитик** — логический анализ и оценка\n- **Специалист** — глубокие знания в области\n\n**Социальные роли:**\n- **Координатор** — направляет усилия команды\n- **Вдохновитель** — мотивирует и влияет\n- **Исследователь** — ищет внешние возможности\n\n**Деятельные роли:**\n- **Реализатор** — превращает идеи в действия\n- **Доводчик** — обеспечивает качество\n- **Снабженец** — решает проблемы\n\n### Принципы эффективной командной работы\n\n1. **Общая цель**\n   - Четко сформулированная миссия\n   - Измеримые результаты\n   - Понимание вклада каждого\n\n2. **Психологическая безопасность**\n   - Право на ошибку\n   - Открытое выражение мнений\n   - Взаимное уважение\n\n3. **Взаимозависимость**\n   - Понимание важности каждого\n   - Координация усилий\n   - Взаимная поддержка\n\n### Управление конфликтами\n\n**Типы конфликтов:**\n- Конфликт задач (что делать)\n- Конфликт процессов (как делать)\n- Конфликт отношений (личностные противоречия)\n\n**Стратегии разрешения:**\n- Сотрудничество — поиск win-win решений\n- Компромисс — взаимные уступки\n- Приспособление — уступка одной стороны\n- Соперничество — принуждение\n- Избегание — уход от конфликта\n\n### Инструменты командной работы\n\n- **Ретроспективы** — анализ работы команды\n- **Планирование** — совместное планирование спринтов\n- **Стендапы** — ежедневные синхронизации\n- **Team building** — мероприятия для сплочения\n','\n',char(10)),'','','https://www.belbin.com/about/belbin-team-roles',1,'2025-06-01 20:21:21',NULL);
INSERT INTO learning_materials VALUES(7,'Продвинутые техники презентаций','Мастерство публичных выступлений, сторителлинг и работа с аудиторией','VIDEO','COMMUNICATION','ADVANCED',25,'Елена Петрова',replace('# Мастерство презентаций и публичных выступлений\n\n## Структура эффективной презентации\n\n### Правило пирамиды Минто\n\n1. **Начните с выводов**\n   - Главная идея в начале\n   - Поддерживающие аргументы\n   - Детали и примеры\n\n2. **Группировка аргументов**\n   - Логические группы по 3-7 элементов\n   - Взаимоисключающие и исчерпывающие (MECE)\n   - Порядок по важности\n\n### Техники сторителлинга\n\n**Структура истории:**\n- **Герой** — с кем аудитория может идентифицироваться\n- **Конфликт** — проблема, которую нужно решить\n- **Разрешение** — как проблема была решена\n- **Урок** — что можно извлечь из истории\n\n**Типы историй для бизнеса:**\n- История основания компании\n- Кейс клиента\n- Личный опыт неудачи и обучения\n- Видение будущего\n\n### Работа с аудиторией\n\n**Анализ аудитории:**\n- Демографические характеристики\n- Уровень знаний по теме\n- Мотивация и интересы\n- Ожидания от презентации\n\n**Техники вовлечения:**\n- Интерактивные опросы\n- Риторические вопросы\n- Упражнения в малых группах\n- Использование реальных примеров\n\n### Невербальная коммуникация\n\n**Язык тела:**\n- Открытая поза\n- Зрительный контакт с аудиторией\n- Жестикуляция для подчеркивания\n- Движение по сцене\n\n**Голос и речь:**\n- Вариация темпа и тона\n- Паузы для акцента\n- Четкая артикуляция\n- Проекция голоса\n\n### Визуальное оформление\n\n**Принципы дизайна слайдов:**\n- Правило 6x6 (максимум 6 строк, 6 слов)\n- Использование визуальных метафор\n- Контрастные цвета\n- Единый стиль\n\n**Типы визуализации данных:**\n- Графики для трендов\n- Диаграммы для сравнения\n- Схемы для процессов\n- Изображения для эмоций\n\n### Работа с возражениями и вопросами\n\n**Подготовка к Q&A:**\n- Предвосхищение возможных вопросов\n- Подготовка кратких и четких ответов\n- Использование техники "мост" для перенаправления\n\n**Типы сложных вопросов:**\n- Агрессивные вопросы\n- Вопросы вне темы\n- Вопросы, на которые нет ответа\n- Многосоставные вопросы\n','\n',char(10)),'https://www.youtube.com/watch?v=Unzc731iCUY','Unzc731iCUY','https://www.ted.com/talks',1,'2025-06-01 20:21:21',NULL);
INSERT INTO learning_materials VALUES(8,'Стратегическое мышление руководителя','Развитие навыков системного анализа, долгосрочного планирования и принятия стратегических решений','ARTICLE','LEADERSHIP','ADVANCED',30,'Игорь Волков',replace('# Стратегическое мышление руководителя\n\n## Основы стратегического мышления\n\n### Характеристики стратегического мыслителя\n\n1. **Системность**\n   - Видение взаимосвязей между элементами\n   - Понимание влияния изменений на всю систему\n   - Холистический подход к проблемам\n\n2. **Долгосрочная перспектива**\n   - Планирование на 3-5 лет вперед\n   - Понимание трендов и циклов\n   - Баланс между краткосрочными и долгосрочными целями\n\n3. **Концептуальное мышление**\n   - Работа с абстрактными понятиями\n   - Создание ментальных моделей\n   - Синтез информации из разных источников\n\n### Инструменты стратегического анализа\n\n**SWOT-анализ:**\n- **Strengths** — сильные стороны\n- **Weaknesses** — слабые стороны  \n- **Opportunities** — возможности\n- **Threats** — угрозы\n\n**Анализ пяти сил Портера:**\n1. Конкуренция в отрасли\n2. Угроза новых игроков\n3. Угроза замещающих продуктов\n4. Переговорная сила поставщиков\n5. Переговорная сила покупателей\n\n**PESTEL-анализ:**\n- **Political** — политические факторы\n- **Economic** — экономические факторы\n- **Social** — социальные факторы\n- **Technological** — технологические факторы\n- **Environmental** — экологические факторы\n- **Legal** — правовые факторы\n\n### Процесс стратегического планирования\n\n1. **Анализ текущей ситуации**\n   - Внутренний аудит ресурсов\n   - Анализ внешней среды\n   - Оценка конкурентной позиции\n\n2. **Формулирование стратегии**\n   - Определение миссии и видения\n   - Постановка стратегических целей\n   - Выбор стратегических инициатив\n\n3. **Реализация стратегии**\n   - Разработка операционных планов\n   - Распределение ресурсов\n   - Создание системы мотивации\n\n4. **Контроль и корректировка**\n   - Ключевые показатели эффективности (KPI)\n   - Регулярный мониторинг прогресса\n   - Адаптация к изменениям\n\n### Принятие стратегических решений\n\n**Модель рационального принятия решений:**\n1. Определение проблемы\n2. Сбор информации\n3. Генерация альтернатив\n4. Оценка альтернатив\n5. Выбор решения\n6. Реализация\n7. Оценка результатов\n\n**Учет неопределенности:**\n- Сценарное планирование\n- Анализ чувствительности\n- Опционный подход\n- Итеративное планирование\n\n### Развитие стратегического мышления\n\n**Практические упражнения:**\n- Анализ кейсов успешных компаний\n- Изучение отраслевых трендов\n- Участие в стратегических сессиях\n- Ментoring от опытных руководителей\n\n**Инструменты развития:**\n- Чтение бизнес-литературы\n- Участие в конференциях\n- Обучение в бизнес-школах\n- Нетворкинг с коллегами\n\n### Барьеры стратегического мышления\n\n- Когнитивные искажения\n- Операционная загруженность\n- Корпоративная культура\n- Недостаток информации\n- Сопротивление изменениям\n','\n',char(10)),'','','https://hbr.org/topic/strategy',1,'2025-06-01 20:21:21',NULL);
INSERT INTO learning_materials VALUES(9,'Креативное решение проблем','Методы генерации идей, латеральное мышление и инновационные подходы к решению задач','TUTORIAL','PROBLEM_SOLVING','INTERMEDIATE',20,'Мария Новикова',replace('# Креативное решение проблем\n\n## Основы креативного мышления\n\n### Типы мышления\n\n1. **Конвергентное мышление**\n   - Логический анализ\n   - Поиск правильного ответа\n   - Использование известных методов\n\n2. **Дивергентное мышление**\n   - Генерация множества идей\n   - Нестандартные подходы\n   - Создание новых связей\n\n### Препятствия для креативности\n\n**Ментальные блоки:**\n- Функциональная фиксированность\n- Экспертный блок\n- Страх критики\n- Стремление к перфекционизму\n\n**Организационные барьеры:**\n- Жесткие процедуры\n- Культура избегания рисков\n- Недостаток времени\n- Отсутствие поощрения инноваций\n\n### Техники генерации идей\n\n**Классический мозговой штурм:**\n1. Четкая формулировка задачи\n2. Отложенная критика\n3. Стремление к количеству\n4. Развитие идей других\n5. Поощрение необычных идей\n\n**Метод 6 шляп де Боно:**\n- **Белая шляпа** — факты и информация\n- **Красная шляпа** — эмоции и интуиция\n- **Черная шляпа** — критика и осторожность\n- **Желтая шляпа** — оптимизм и выгоды\n- **Зеленая шляпа** — креативность и альтернативы\n- **Синяя шляпа** — контроль процесса\n\n**SCAMPER техника:**\n- **S**ubstitute — заменить\n- **C**ombine — объединить\n- **A**dapt — адаптировать\n- **M**odify — модифицировать\n- **P**ut to other uses — использовать по-другому\n- **E**liminate — исключить\n- **R**everse — изменить порядок\n\n### Латеральное мышление\n\n**Принципы Эдварда де Боно:**\n- Прерывание шаблонов мышления\n- Использование случайных стимулов\n- Провокационные операции\n- Альтернативы как инструмент\n\n**Техники латерального мышления:**\n- Случайное слово\n- Провокация\n- Концептуальная экстракция\n- Reverse assumption\n\n### Дизайн-мышление (Design Thinking)\n\n**Этапы процесса:**\n1. **Эмпатия** — понимание пользователя\n2. **Определение** — формулировка проблемы\n3. **Идеация** — генерация идей\n4. **Прототипирование** — создание решений\n5. **Тестирование** — проверка гипотез\n\n### Инструменты структурирования идей\n\n**Mind Mapping:**\n- Центральная тема в центре\n- Ассоциативные ветки\n- Использование цветов и изображений\n- Нелинейная структура\n\n**Морфологический анализ:**\n- Выделение параметров задачи\n- Определение возможных значений\n- Систематический перебор комбинаций\n- Поиск неожиданных решений\n\n### Оценка и развитие идей\n\n**Критерии оценки:**\n- Новизна и оригинальность\n- Практичность реализации\n- Потенциальная эффективность\n- Соответствие ресурсам\n\n**Методы развития идей:**\n- Построение на идеях других\n- Комбинирование элементов\n- Адаптация к новым условиям\n- Масштабирование решения\n','\n',char(10)),'','','https://www.ideou.com/pages/design-thinking',1,'2025-06-01 20:21:21',NULL);
INSERT INTO learning_materials VALUES(10,'Основы делегирования','Эффективное распределение задач, развитие команды через делегирование и контроль результатов','ARTICLE','LEADERSHIP','BEGINNER',15,'Сергей Морозов',replace('# Основы эффективного делегирования\n\n## Что такое делегирование?\n\nДелегирование — это передача полномочий и ответственности за выполнение определенных задач от руководителя к подчиненному.\n\n### Преимущества делегирования\n\n**Для руководителя:**\n- Освобождение времени для стратегических задач\n- Возможность сосредоточиться на приоритетах\n- Развитие управленческих навыков\n- Снижение уровня стресса\n\n**Для подчиненных:**\n- Профессиональное развитие\n- Повышение мотивации\n- Расширение компетенций\n- Подготовка к карьерному росту\n\n**Для организации:**\n- Повышение эффективности\n- Развитие кадрового резерва\n- Улучшение качества решений\n- Увеличение гибкости\n\n### Принципы эффективного делегирования\n\n1. **Четкость задач**\n   - Конкретное описание результата\n   - Сроки выполнения\n   - Доступные ресурсы\n   - Критерии успеха\n\n2. **Соответствие компетенциям**\n   - Оценка навыков сотрудника\n   - Постепенное усложнение задач\n   - Баланс вызова и возможностей\n   - Учет мотивации\n\n3. **Передача полномочий**\n   - Предоставление необходимых прав\n   - Доступ к информации\n   - Возможность принимать решения\n   - Поддержка со стороны команды\n\n### Что можно и нельзя делегировать\n\n**Можно делегировать:**\n- Рутинные операционные задачи\n- Специализированную работу\n- Проекты развития\n- Подготовительную работу\n\n**Нельзя делегировать:**\n- Стратегическое планирование\n- Оценку персонала\n- Конфиденциальные вопросы\n- Кризисные ситуации\n- Задачи, требующие специфической экспертизы\n\n### Модель RACI\n\n**Матрица ответственности:**\n- **R** (Responsible) — исполнитель\n- **A** (Accountable) — ответственный\n- **C** (Consulted) — консультант\n- **I** (Informed) — информируемый\n\n### Процесс делегирования\n\n1. **Подготовка**\n   - Анализ задачи\n   - Выбор исполнителя\n   - Планирование ресурсов\n\n2. **Постановка задачи**\n   - Объяснение контекста\n   - Описание ожидаемого результата\n   - Обсуждение методов\n   - Установление контрольных точек\n\n3. **Поддержка выполнения**\n   - Регулярные check-in''ы\n   - Консультации по запросу\n   - Предоставление ресурсов\n   - Корректировка при необходимости\n\n4. **Контроль и обратная связь**\n   - Проверка промежуточных результатов\n   - Конструктивная обратная связь\n   - Признание достижений\n   - Анализ уроков\n\n### Типичные ошибки в делегировании\n\n**Недостаточное делегирование:**\n- Страх потери контроля\n- Недоверие к команде\n- Убеждение "быстрее сделать самому"\n- Желание быть незаменимым\n\n**Избыточное делегирование:**\n- Передача задач без поддержки\n- Делегирование неподходящих задач\n- Отсутствие контроля\n- Снятие с себя ответственности\n\n### Развитие навыков делегирования\n\n**Практические шаги:**\n- Начинайте с малых задач\n- Постепенно увеличивайте сложность\n- Изучайте сильные стороны команды\n- Развивайте доверие\n\n**Инструменты:**\n- Чек-листы для постановки задач\n- Шаблоны брифов\n- Системы tracking''а прогресса\n- Регулярные one-on-one встречи\n','\n',char(10)),'','','https://www.mindtools.com/pages/article/newLDR_98.htm',1,'2025-06-01 20:21:21',NULL);
INSERT INTO learning_materials VALUES(11,'Техники активного слушания','Развитие навыков внимательного восприятия, эмпатического слушания и конструктивного диалога','VIDEO','COMMUNICATION','BEGINNER',14,'Ольга Семенова',replace('# Техники активного слушания\n\n## Основы активного слушания\n\nАктивное слушание — это навык полного погружения в процесс восприятия информации от собеседника с целью максимального понимания как содержания, так и эмоций.\n\n### Уровни слушания\n\n1. **Внутреннее слушание**\n   - Фокус на собственных мыслях\n   - Подготовка ответа во время речи собеседника\n   - Оценочные суждения\n\n2. **Фокусированное слушание**\n   - Концентрация на словах собеседника\n   - Понимание содержания\n   - Минимальные внутренние отвлечения\n\n3. **Глобальное слушание**\n   - Восприятие всех сигналов\n   - Внимание к эмоциям и энергии\n   - Интуитивное понимание\n\n### Техники активного слушания\n\n**Парафраз (Перефразирование):**\n- Повторение услышанного своими словами\n- Проверка понимания\n- Пример: "Если я правильно понял, вы говорите о..."\n\n**Отражение чувств:**\n- Озвучивание эмоционального состояния\n- Демонстрация эмпатии\n- Пример: "Я вижу, что вы расстроены этой ситуацией"\n\n**Уточнение:**\n- Открытые вопросы для получения деталей\n- Избегание предположений\n- Пример: "Можете ли вы рассказать больше о..."\n\n**Резюмирование:**\n- Обобщение ключевых моментов\n- Структурирование информации\n- Пример: "Итак, основные моменты..."\n\n### Невербальные сигналы\n\n**Поза и жесты:**\n- Открытая поза тела\n- Наклон к собеседнику\n- Зрительный контакт\n- Кивки головой\n\n**Мимика:**\n- Соответствующее выражение лица\n- Отражение эмоций собеседника\n- Искренность в выражениях\n\n**Голосовые сигналы:**\n- Тон голоса\n- Скорость речи\n- Паузы\n- Интонации\n\n### Препятствия для активного слушания\n\n**Внутренние барьеры:**\n- Предварительные суждения\n- Эмоциональные реакции\n- Отвлечение на собственные мысли\n- Подготовка возражений\n\n**Внешние факторы:**\n- Шум и отвлекающие факторы\n- Временные ограничения\n- Неподходящая обстановка\n- Технические помехи\n\n### Эмпатическое слушание\n\n**Принципы эмпатии:**\n- Понимание без оценки\n- Принятие чувств собеседника\n- Сопереживание\n- Поддержка\n\n**Техники развития эмпатии:**\n- Постановка себя на место другого\n- Внимание к эмоциональным сигналам\n- Отложение собственных суждений\n- Создание безопасного пространства\n\n### Активное слушание в конфликтах\n\n**Деэскалация:**\n- Спокойный тон голоса\n- Признание чувств сторон\n- Поиск общих интересов\n- Фокус на фактах\n\n**Медиация:**\n- Нейтральная позиция\n- Равное время для каждой стороны\n- Структурирование диалога\n- Поиск решений\n\n### Практические упражнения\n\n**Упражнение "Зеркало":**\n- Повторение последних слов собеседника\n- Отражение тона и эмоций\n- Проверка понимания\n\n**Упражнение "Три уровня":**\n- Слушание фактов (что говорится)\n- Слушание эмоций (как говорится)\n- Слушание потребностей (зачем говорится)\n\n### Развитие навыков\n\n**Ежедневная практика:**\n- Сосредоточенное слушание в каждом разговоре\n- Отключение электронных устройств\n- Задавание открытых вопросов\n- Благодарность за откровенность\n\n\n## 📹 Видео к уроку\n\n**Практический урок о техниках активного слушания. Научитесь лучше понимать собеседника и выстраивать доверительные отношения.**\n\n🔗 **Ссылка на видео:** https://www.youtube.com/watch?v=QWvijbXrCCQ\n\n### Что вы узнаете из видео:\n- Практические техники и методы\n- Реальные примеры применения\n- Экспертные советы и рекомендации\n- Дополнительные инсайты по теме урока\n\n*Рекомендуется просмотреть видео после изучения теоретического материала для закрепления знаний.*\n','\n',char(10)),'https://www.youtube.com/watch?v=QWvijbXrCCQ','QWvijbXrCCQ','https://www.ccl.org/articles/leading-effectively-articles/coaching-others-use-active-listening-skills/',1,'2025-06-01 20:21:21','2025-06-02 09:40:08');
INSERT INTO learning_materials VALUES(12,'Продвинутое планирование проектов','Методологии управления проектами, agile подходы, планирование ресурсов и управление рисками','TUTORIAL','TIME_MANAGEMENT','ADVANCED',35,'Алексей Петров',replace('# Продвинутое планирование проектов\n\n## Методологии управления проектами\n\n### Waterfall (Каскадная модель)\n\n**Фазы разработки:**\n1. Анализ требований\n2. Проектирование\n3. Реализация\n4. Тестирование\n5. Внедрение\n6. Поддержка\n\n**Преимущества:**\n- Четкая структура\n- Предсказуемость сроков\n- Подробная документация\n- Легкость контроля\n\n**Недостатки:**\n- Низкая гибкость\n- Поздняя обратная связь\n- Риск устаревания требований\n\n### Agile методологии\n\n**Принципы Agile:**\n- Люди важнее процессов\n- Работающий продукт важнее документации\n- Сотрудничество с заказчиком важнее контрактов\n- Готовность к изменениям важнее следования плану\n\n**Scrum фреймворк:**\n- **Sprint** — итерация 1-4 недели\n- **Product Backlog** — список требований\n- **Sprint Backlog** — задачи спринта\n- **Daily Standup** — ежедневные синхронизации\n- **Sprint Review** — демонстрация результатов\n- **Retrospective** — анализ процессов\n\n**Kanban метод:**\n- Визуализация рабочего процесса\n- Ограничение работы в процессе (WIP)\n- Управление потоком задач\n- Непрерывное улучшение\n\n### Планирование ресурсов\n\n**Типы ресурсов:**\n- Человеческие ресурсы\n- Материальные ресурсы\n- Финансовые ресурсы\n- Временные ресурсы\n- Информационные ресурсы\n\n**Техники планирования:**\n- Resource leveling — выравнивание ресурсов\n- Resource smoothing — сглаживание ресурсов\n- Critical chain method — управление критической цепью\n- Monte Carlo simulation — вероятностное моделирование\n\n### Управление рисками\n\n**Процесс управления рисками:**\n1. **Идентификация рисков**\n   - Brainstorming\n   - Checklists\n   - Интервью с экспертами\n   - SWOT анализ\n\n2. **Качественная оценка**\n   - Вероятность возникновения\n   - Влияние на проект\n   - Матрица вероятность/влияние\n\n3. **Количественная оценка**\n   - Expected Monetary Value (EMV)\n   - Анализ чувствительности\n   - Дерево решений\n\n4. **Планирование реагирования**\n   - Избежание риска\n   - Передача риска\n   - Снижение риска\n   - Принятие риска\n\n### Work Breakdown Structure (WBS)\n\n**Принципы декомпозиции:**\n- Иерархическая структура\n- Взаимоисключающие элементы\n- Измеримые результаты\n- Правило 8/80 часов\n\n**Типы WBS:**\n- По продукту (deliverable-oriented)\n- По фазам (phase-oriented)\n- Гибридный подход\n\n### Планирование расписания\n\n**Техники сетевого планирования:**\n- Critical Path Method (CPM)\n- Program Evaluation and Review Technique (PERT)\n- Precedence Diagramming Method (PDM)\n\n**Оценка длительности:**\n- Аналогичная оценка\n- Параметрическая оценка\n- Трехточечная оценка\n- Bottom-up estimating\n\n### Инструменты планирования\n\n**Диаграммы Гранта:**\n- Временная шкала проекта\n- Зависимости между задачами\n- Критический путь\n- Загрузка ресурсов\n\n**Agile инструменты:**\n- User Stories\n- Planning Poker\n- Burndown Charts\n- Velocity tracking\n\n### Контроль исполнения\n\n**Earned Value Management (EVM):**\n- Planned Value (PV) — плановая стоимость\n- Earned Value (EV) — освоенный объем\n- Actual Cost (AC) — фактическая стоимость\n\n**Ключевые метрики:**\n- Schedule Performance Index (SPI)\n- Cost Performance Index (CPI)\n- Estimate at Completion (EAC)\n- Estimate to Complete (ETC)\n\n### Управление изменениями\n\n**Процесс управления изменениями:**\n1. Запрос на изменение\n2. Анализ влияния\n3. Одобрение/отклонение\n4. Реализация изменения\n5. Верификация результата\n\n**Change Control Board (CCB):**\n- Состав комиссии\n- Процедуры принятия решений\n- Критерии оценки\n- Документооборот\n\n### Коммуникации в проекте\n\n**План коммуникаций:**\n- Заинтересованные стороны\n- Информационные потребности\n- Методы коммуникации\n- Частота и формат отчетности\n\n**Инструменты коммуникации:**\n- Status reports\n- Dashboard\n- Stakeholder meetings\n- Project website\n','\n',char(10)),'','','https://www.pmi.org/learning/library',1,'2025-06-01 20:21:21',NULL);
INSERT INTO learning_materials VALUES(21,'Основы планирования времени','Принципы эффективного планирования и постановки приоритетов','video','time_management','beginner',16,NULL,replace('# Основы планирования времени\n\n## Принципы тайм-менеджмента\n1. **Планирование** - основа эффективности\n2. **Приоритизация** - важное vs срочное\n3. **Фокус** - одна задача за раз\n4. **Отдых** - восстановление энергии\n\n## Матрица Эйзенхауэра\n### Квадрант 1: Важное + Срочное\n- Кризисы и чрезвычайные ситуации\n- Действовать немедленно\n\n### Квадрант 2: Важное + Несрочное\n- Планирование и профилактика\n- Инвестировать время\n\n### Квадрант 3: Неважное + Срочное\n- Отвлекающие звонки и письма\n- Делегировать\n\n### Квадрант 4: Неважное + Несрочное\n- Пустая трата времени\n- Исключать\n\n## Техники планирования\n- Правило 80/20 (Парето)\n- Метод SMART для целей\n- Временные блоки\n- Еженедельное планирование','\n',char(10)),'https://www.youtube.com/watch?v=R-Q8TeOMev0','R-Q8TeOMev0',NULL,1,'2025-06-02T04:00:44.512505','2025-06-02T04:00:44.512505');
INSERT INTO learning_materials VALUES(22,'Техники концентрации','Методы повышения продуктивности и борьбы с отвлечениями','video','time_management','beginner',18,NULL,replace('# Техники концентрации\n\n## Техника Помодоро\n1. 25 минут сосредоточенной работы\n2. 5 минут короткий перерыв\n3. После 4 циклов - длинный перерыв 15-30 минут\n\n## Принципы deep work\n- Исключение отвлечений\n- Глубокое погружение\n- Качество > количество\n- Развитие навыка концентрации\n\n## Борьба с отвлечениями\n### Внешние:\n- Уведомления телефона/компьютера\n- Шум в офисе\n- Прерывания коллег\n\n### Внутренние:\n- Тревожные мысли\n- Многозадачность\n- Прокрастинация\n\n## Создание среды для концентрации\n- Организованное рабочее место\n- Минимум визуальных отвлечений\n- Комфортная температура\n- Правильное освещение','\n',char(10)),'https://www.youtube.com/watch?v=sUwyjmrbt2E','sUwyjmrbt2E',NULL,1,'2025-06-02T04:00:44.512520','2025-06-02T04:00:44.512521');
INSERT INTO learning_materials VALUES(23,'Делегирование и автоматизация','Способы освобождения времени через делегирование и автоматизацию','video','time_management','beginner',20,NULL,replace('# Делегирование и автоматизация\n\n## Принцип делегирования времени\nЕсли задачу может выполнить кто-то другой за 80% качества, лучше делегировать\n\n## Что автоматизировать:\n1. **Рутинные процессы**\n   - Обработка email\n   - Планирование встреч\n   - Отчеты\n\n2. **Повторяющиеся задачи**\n   - Создание документов\n   - Обновление данных\n   - Коммуникация\n\n## Инструменты автоматизации\n- Email фильтры и шаблоны\n- Календарные автоматизации\n- CRM системы\n- Макросы и скрипты\n\n## Делегирование vs контроль\n- Четкие инструкции\n- Контрольные точки\n- Обучение исполнителей\n- Доверие процессу','\n',char(10)),'https://www.youtube.com/watch?v=bsMdUVcCNEg','bsMdUVcCNEg',NULL,1,'2025-06-02T04:00:44.512537','2025-06-02T04:00:44.512538');
INSERT INTO learning_materials VALUES(24,'Введение в эффективную коммуникацию','Основы коммуникации, типы общения и их важность в профессиональной деятельности','VIDEO','COMMUNICATION','BEGINNER',45,'AI Assistant',replace('\n# Введение в эффективную коммуникацию\n\n## Что такое коммуникация?\n\nКоммуникация — это процесс передачи информации между людьми с помощью слов, жестов, мимики и других способов.\n\n### Основные элементы коммуникации:\n- **Отправитель** — тот, кто передает сообщение\n- **Сообщение** — информация, которую передают\n- **Получатель** — тот, кто принимает сообщение\n- **Канал связи** — способ передачи (устная речь, письмо, жесты)\n- **Обратная связь** — реакция получателя на сообщение\n\n## Типы коммуникации\n\n### 1. Вербальная коммуникация\nОбщение с помощью слов (устно или письменно)\n\n### 2. Невербальная коммуникация\n- Мимика и жесты\n- Интонация голоса\n- Поза тела\n- Зрительный контакт\n\n### 3. Письменная коммуникация\nЭлектронная почта, отчеты, презентации\n        \n\n## 📹 Видео к уроку\n\n**Вводное видео о культуре речи и деловом общении. Основы профессиональной коммуникации на русском языке.**\n\n🔗 **Ссылка на видео:** https://www.youtube.com/watch?v=U0PC37rubQ0\n\n### Что вы узнаете из видео:\n- Практические техники и методы\n- Реальные примеры применения\n- Экспертные советы и рекомендации\n- Дополнительные инсайты по теме урока\n\n*Рекомендуется просмотреть видео после изучения теоретического материала для закрепления знаний.*\n','\n',char(10)),'https://www.youtube.com/watch?v=U0PC37rubQ0','U0PC37rubQ0',NULL,1,'2025-06-02 08:35:10','2025-06-02 09:40:08');
INSERT INTO learning_materials VALUES(25,'Активное слушание и эмпатия','Техники активного слушания, развитие эмпатии и понимания собеседника','VIDEO','COMMUNICATION','BEGINNER',50,'AI Assistant',replace('\n# Активное слушание и эмпатия\n\n## Что такое активное слушание?\n\nАктивное слушание — это техника общения, при которой слушатель полностью сосредоточен на собеседнике.\n\n### Принципы активного слушания:\n1. **Полное внимание** — убираем отвлекающие факторы\n2. **Не перебиваем** — даем возможность высказаться\n3. **Задаем уточняющие вопросы**\n4. **Перефразируем** сказанное для проверки понимания\n5. **Показываем заинтересованность** кивками и короткими репликами\n\n## Техники активного слушания\n\n### 1. Перефразирование\n"Если я правильно понял, вы имеете в виду..."\n\n### 2. Резюмирование\n"Итак, основные моменты..."\n\n### 3. Эмоциональная поддержка\n"Я понимаю, что это сложная ситуация"\n\n## Развитие эмпатии\n\nЭмпатия — способность понимать и разделять чувства другого человека.\n\n### Как развить эмпатию:\n- Ставьте себя на место собеседника\n- Обращайте внимание на эмоции\n- Не судите поспешно\n- Задавайте открытые вопросы\n        \n\n## 📹 Видео к уроку\n\n**Краткий, но содержательный урок о техниках активного слушания за 6 минут. Практические советы для улучшения навыков общения.**\n\n🔗 **Ссылка на видео:** https://www.youtube.com/watch?v=SB5MMQcJ1YA\n\n### Что вы узнаете из видео:\n- Практические техники и методы\n- Реальные примеры применения\n- Экспертные советы и рекомендации\n- Дополнительные инсайты по теме урока\n\n*Рекомендуется просмотреть видео после изучения теоретического материала для закрепления знаний.*\n','\n',char(10)),'https://www.youtube.com/watch?v=SB5MMQcJ1YA','SB5MMQcJ1YA',NULL,1,'2025-06-02 08:35:10','2025-06-02 09:40:08');
INSERT INTO learning_materials VALUES(26,'Невербальная коммуникация и язык тела','Изучение жестов, мимики, позы и их влияния на восприятие собеседника','VIDEO','COMMUNICATION','BEGINNER',40,'AI Assistant',replace('\n# Невербальная коммуникация и язык тела\n\n## Важность невербального общения\n\nПо исследованиям, 55% информации передается через язык тела, 38% через интонацию и только 7% через слова.\n\n### Основные элементы невербальной коммуникации:\n\n#### 1. Мимика лица\n- Улыбка создает доверие\n- Нахмуренные брови — признак недовольства\n- Поднятые брови — удивление или интерес\n\n#### 2. Жесты рук\n- Открытые ладони — честность\n- Скрещенные руки — защитная позиция\n- Указательный жест может восприниматься агрессивно\n\n#### 3. Поза тела\n- Прямая осанка — уверенность\n- Наклон вперед — заинтересованность\n- Отклонение назад — дистанцирование\n\n#### 4. Зрительный контакт\n- Поддержание контакта — внимание и уважение\n- Избегание взгляда — неуверенность или обман\n- Слишком пристальный взгляд — агрессия\n\n## Культурные различия\n\nВажно помнить, что жесты могут иметь разное значение в разных культурах.\n        \n\n## 📹 Видео к уроку\n\n**Обучающее видео о невербальном общении и языке тела. Изучите секреты успешной коммуникации без слов.**\n\n🔗 **Ссылка на видео:** https://www.youtube.com/watch?v=rYLfcUFZ8kQ\n\n### Что вы узнаете из видео:\n- Практические техники и методы\n- Реальные примеры применения\n- Экспертные советы и рекомендации\n- Дополнительные инсайты по теме урока\n\n*Рекомендуется просмотреть видео после изучения теоретического материала для закрепления знаний.*\n','\n',char(10)),'https://www.youtube.com/watch?v=rYLfcUFZ8kQ','rYLfcUFZ8kQ',NULL,1,'2025-06-02 08:35:10','2025-06-02 09:40:08');
INSERT INTO learning_materials VALUES(27,'Управление конфликтами в общении','Стратегии предотвращения и разрешения конфликтов, техники деэскалации','VIDEO','COMMUNICATION','BEGINNER',55,'AI Assistant',replace('\n# Управление конфликтами в общении\n\n## Типы конфликтов\n\n### 1. Конфликт интересов\nКогда стороны хотят разного результата\n\n### 2. Конфликт ценностей\nРазные взгляды на то, что правильно\n\n### 3. Конфликт восприятия\nРазная интерпретация одних и тех же фактов\n\n## Стратегии разрешения конфликтов\n\n### 1. Сотрудничество\nПоиск решения, выгодного для всех сторон\n\n### 2. Компромисс\nВзаимные уступки\n\n### 3. Приспособление\nУступка более важной стороне\n\n### 4. Избегание\nВременное откладывание решения\n\n### 5. Соперничество\nНастаивание на своем (крайняя мера)\n\n## Техники деэскалации\n\n1. **Слушайте активно** — дайте выговориться\n2. **Признавайте эмоции** — "Я вижу, вы расстроены"\n3. **Ищите общие интересы** — что объединяет\n4. **Фокусируйтесь на проблеме**, а не на личности\n5. **Предлагайте варианты** решения\n\n## Модель WIN-WIN\n\nСтремитесь к решениям, где выигрывают все стороны.\n        \n\n## 📹 Видео к уроку\n\n**Практический урок по управлению конфликтами. Научитесь эффективно разрешать споры и выходить из сложных ситуаций.**\n\n🔗 **Ссылка на видео:** https://www.youtube.com/watch?v=Qug4IStz4_Y\n\n### Что вы узнаете из видео:\n- Практические техники и методы\n- Реальные примеры применения\n- Экспертные советы и рекомендации\n- Дополнительные инсайты по теме урока\n\n*Рекомендуется просмотреть видео после изучения теоретического материала для закрепления знаний.*\n','\n',char(10)),'https://www.youtube.com/watch?v=Qug4IStz4_Y','Qug4IStz4_Y',NULL,1,'2025-06-02 08:35:10','2025-06-02 09:40:08');
INSERT INTO learning_materials VALUES(28,'Эффективная обратная связь','Как давать и принимать конструктивную обратную связь','VIDEO','COMMUNICATION','BEGINNER',45,'AI Assistant',replace('\n# Эффективная обратная связь\n\n## Что такое обратная связь?\n\nОбратная связь — это информация о том, как ваши действия влияют на других и на результат работы.\n\n## Принципы конструктивной обратной связи\n\n### При ДАЧИ обратной связи:\n\n#### 1. Модель SBI (Situation-Behavior-Impact)\n- **Ситуация**: Опишите контекст\n- **Поведение**: Что конкретно наблюдали\n- **Влияние**: Как это повлияло на результат\n\n#### 2. Будьте конкретными\n❌ "Ты плохо работаешь"\n✅ "В презентации не хватало данных о продажах"\n\n#### 3. Фокус на поведении, не на личности\n❌ "Ты безответственный"\n✅ "Отчет был сдан с опозданием"\n\n#### 4. Предлагайте решения\n"В следующий раз можно добавить график с результатами"\n\n### При ПОЛУЧЕНИИ обратной связи:\n\n1. **Слушайте открыто** — не защищайтесь сразу\n2. **Задавайте уточняющие вопросы**\n3. **Благодарите** за информацию\n4. **Планируйте улучшения**\n\n## Модель GROW для развивающей обратной связи\n\n- **Goal** — Какой цели хотим достичь?\n- **Reality** — Что происходит сейчас?\n- **Options** — Какие есть варианты?\n- **Will** — Что будем делать?\n        \n\n## 📹 Видео к уроку\n\n**Урок об эмоциональном интеллекте в коммуникации. Изучите основы управления эмоциями в процессе общения.**\n\n🔗 **Ссылка на видео:** https://www.youtube.com/watch?v=fdUR9qYl7iU\n\n### Что вы узнаете из видео:\n- Практические техники и методы\n- Реальные примеры применения\n- Экспертные советы и рекомендации\n- Дополнительные инсайты по теме урока\n\n*Рекомендуется просмотреть видео после изучения теоретического материала для закрепления знаний.*\n','\n',char(10)),'https://www.youtube.com/watch?v=fdUR9qYl7iU','fdUR9qYl7iU',NULL,1,'2025-06-02 08:35:10','2025-06-02 09:40:08');
INSERT INTO learning_materials VALUES(29,'Презентационные навыки','Структура эффективной презентации, работа с аудиторией','VIDEO','COMMUNICATION','BEGINNER',60,'AI Assistant',replace('\n# Презентационные навыки\n\n## Структура эффективной презентации\n\n### 1. Вступление (10-15%)\n- Привлечение внимания\n- Представление темы\n- Анонс структуры\n\n### 2. Основная часть (70-80%)\n- 3-5 ключевых пунктов\n- Аргументы и примеры\n- Визуальная поддержка\n\n### 3. Заключение (10-15%)\n- Резюме ключевых моментов\n- Призыв к действию\n- Ответы на вопросы\n\n## Правило 10/20/30\n\n- **10 слайдов** максимум\n- **20 минут** презентация\n- **30 пунктов** шрифт минимум\n\n## Работа с аудиторией\n\n### До презентации:\n- Изучите аудиторию\n- Подготовьте ответы на возможные вопросы\n- Проверьте технику\n\n### Во время презентации:\n- Поддерживайте зрительный контакт\n- Используйте паузы\n- Вовлекайте аудиторию вопросами\n- Следите за реакцией\n\n### Управление волнением:\n1. Глубокое дыхание\n2. Позитивная визуализация\n3. Подготовка и репетиции\n4. Фокус на сообщении, а не на себе\n\n## Визуальные материалы\n\n- Один слайд — одна идея\n- Больше изображений, меньше текста\n- Контрастные цвета\n- Читаемые шрифты\n        \n\n## 📹 Видео к уроку\n\n**Обучающее видео о навыках публичных выступлений. Научитесь уверенно выступать перед аудиторией.**\n\n🔗 **Ссылка на видео:** https://www.youtube.com/watch?v=2HT59cO72xg\n\n### Что вы узнаете из видео:\n- Практические техники и методы\n- Реальные примеры применения\n- Экспертные советы и рекомендации\n- Дополнительные инсайты по теме урока\n\n*Рекомендуется просмотреть видео после изучения теоретического материала для закрепления знаний.*\n','\n',char(10)),'https://www.youtube.com/watch?v=2HT59cO72xg','2HT59cO72xg',NULL,1,'2025-06-02 08:35:10','2025-06-02 09:40:08');
INSERT INTO learning_materials VALUES(30,'Цифровая коммуникация и этикет','Эффективное общение по email, в мессенджерах и видеоконференциях','VIDEO','COMMUNICATION','BEGINNER',40,'AI Assistant',replace('\n# Цифровая коммуникация и этикет\n\n## Email-этикет\n\n### Структура эффективного письма:\n\n#### 1. Тема письма\n- Конкретная и информативная\n- ✅ "Вопрос по проекту X — нужно решение до пятницы"\n- ❌ "Важно!" или "Вопрос"\n\n#### 2. Приветствие\n- Формальное: "Уважаемый/ая [Имя]"\n- Полуформальное: "Здравствуйте, [Имя]"\n- Неформальное: "Привет, [Имя]"\n\n#### 3. Основная часть\n- Сначала контекст, потом детали\n- Короткие абзацы\n- Маркированные списки для перечислений\n\n#### 4. Призыв к действию\n- Четко указывайте, что нужно сделать\n- Дедлайны и приоритеты\n\n#### 5. Подпись\n- Имя, должность, контакты\n\n## Мессенджеры на работе\n\n### Принципы:\n- Уважайте рабочее время\n- Используйте статусы доступности\n- Групповые чаты — для общих вопросов\n- Личные сообщения — для приватных тем\n\n### Emoji и стикеры:\n- Умеренно в рабочем контексте\n- Помогают передать эмоции\n- Не заменяют слова полностью\n\n## Видеоконференции\n\n### Технические аспекты:\n- Проверьте связь заранее\n- Хорошее освещение лица\n- Нейтральный фон\n- Качественный звук\n\n### Этикет:\n- Приходите вовремя\n- Выключайте микрофон, когда не говорите\n- Смотрите в камеру, а не на экран\n- Одевайтесь профессионально\n        \n\n## 📹 Видео к уроку\n\n**Урок о цифровом этикете и правилах вежливого общения онлайн. Изучите современные нормы сетевого этикета.**\n\n🔗 **Ссылка на видео:** https://www.youtube.com/watch?v=bs6IALQmxYs\n\n### Что вы узнаете из видео:\n- Практические техники и методы\n- Реальные примеры применения\n- Экспертные советы и рекомендации\n- Дополнительные инсайты по теме урока\n\n*Рекомендуется просмотреть видео после изучения теоретического материала для закрепления знаний.*\n','\n',char(10)),'https://www.youtube.com/watch?v=bs6IALQmxYs','bs6IALQmxYs',NULL,1,'2025-06-02 08:35:10','2025-06-02 09:40:08');
INSERT INTO learning_materials VALUES(31,'Межкультурная коммуникация','Особенности общения в мультикультурной среде','VIDEO','COMMUNICATION','BEGINNER',45,'AI Assistant',replace('\n# Межкультурная коммуникация\n\n## Культурные измерения Хофстеде\n\n### 1. Дистанция власти\n- **Высокая**: четкая иерархия (Россия, Корея)\n- **Низкая**: равенство в общении (Дания, Австралия)\n\n### 2. Индивидуализм vs Коллективизм\n- **Индивидуалистские**: США, Германия\n- **Коллективистские**: Япония, Китай\n\n### 3. Избегание неопределенности\n- **Высокое**: четкие правила (Германия)\n- **Низкое**: гибкость (США, Индия)\n\n## Стили коммуникации\n\n### Прямой vs Косвенный\n- **Прямой**: говорят что думают (Германия, Нидерланды)\n- **Косвенный**: намеки и контекст (Япония, Корея)\n\n### Высококонтекстный vs Низкоконтекстный\n- **Высокий контекст**: важна ситуация (Япония, Арабские страны)\n- **Низкий контекст**: важны слова (Германия, США)\n\n## Практические советы\n\n### При работе с разными культурами:\n\n1. **Изучите основы** культуры коллег\n2. **Будьте терпеливы** к различиям\n3. **Не обобщайте** — каждый человек уникален\n4. **Уточняйте понимание** чаще\n5. **Адаптируйте стиль** общения\n\n### Невербальные различия:\n- Зрительный контакт\n- Личное пространство\n- Жесты и их значения\n- Отношение к времени\n\n## Построение инклюзивной среды\n\n- Избегайте культурных стереотипов\n- Создавайте возможности для всех высказаться\n- Учитывайте временные зоны при планировании\n- Используйте простой и понятный язык\n        \n\n## 📹 Видео к уроку\n\n**Образовательная программа о русском языке в культуре речи и деловом общении с представителями разных культур.**\n\n🔗 **Ссылка на видео:** https://www.youtube.com/watch?v=YOkgQbJnB5A\n\n### Что вы узнаете из видео:\n- Практические техники и методы\n- Реальные примеры применения\n- Экспертные советы и рекомендации\n- Дополнительные инсайты по теме урока\n\n*Рекомендуется просмотреть видео после изучения теоретического материала для закрепления знаний.*\n','\n',char(10)),'https://www.youtube.com/watch?v=YOkgQbJnB5A','YOkgQbJnB5A',NULL,1,'2025-06-02 08:35:10','2025-06-02 09:40:08');
INSERT INTO learning_materials VALUES(32,'Эмоциональный интеллект в коммуникации','Понимание и управление эмоциями в профессиональном общении','VIDEO','COMMUNICATION','BEGINNER',50,'AI Assistant',replace('\n# Эмоциональный интеллект в коммуникации\n\n## Что такое эмоциональный интеллект?\n\nEQ (Emotional Quotient) — способность понимать и управлять своими и чужими эмоциями.\n\n## Четыре компонента EQ\n\n### 1. Самосознание\n- Понимание своих эмоций\n- Знание своих сильных и слабых сторон\n- Реалистичная самооценка\n\n### 2. Саморегуляция\n- Управление импульсами\n- Адаптивность к изменениям\n- Инициативность\n\n### 3. Социальное понимание\n- Эмпатия к другим\n- Понимание организационной динамики\n- Ориентация на сервис\n\n### 4. Управление отношениями\n- Влияние на других\n- Лидерство\n- Управление конфликтами\n- Командная работа\n\n## Эмоции в рабочей среде\n\n### Позитивные эмоции:\n- Энтузиазм — мотивирует команду\n- Благодарность — укрепляет отношения\n- Оптимизм — помогает в трудностях\n\n### Сложные эмоции:\n- Стресс — может снижать эффективность\n- Фрустрация — требует конструктивного выхода\n- Тревога — нужны техники успокоения\n\n## Техники управления эмоциями\n\n### 1. Техника STOP\n- **S**top — остановитесь\n- **T**ake a breath — сделайте вдох\n- **O**bserve — понаблюдайте за эмоциями\n- **P**roceed — действуйте осознанно\n\n### 2. Переформулирование\nИзмените внутренний диалог:\n❌ "Это катастрофа!"\n✅ "Это вызов, который можно решить"\n\n### 3. Техника 5-4-3-2-1\nПри стрессе назовите:\n- 5 вещей, которые видите\n- 4 вещи, которые слышите  \n- 3 вещи, которые можете потрогать\n- 2 запаха\n- 1 вкус\n        \n\n## 📹 Видео к уроку\n\n**Профессиональная лекция об основах эмоционального интеллекта. Развитие навыков управления эмоциями в общении.**\n\n🔗 **Ссылка на видео:** https://www.youtube.com/watch?v=JJ6Pa83oW7w\n\n### Что вы узнаете из видео:\n- Практические техники и методы\n- Реальные примеры применения\n- Экспертные советы и рекомендации\n- Дополнительные инсайты по теме урока\n\n*Рекомендуется просмотреть видео после изучения теоретического материала для закрепления знаний.*\n','\n',char(10)),'https://www.youtube.com/watch?v=JJ6Pa83oW7w','JJ6Pa83oW7w',NULL,1,'2025-06-02 08:35:10','2025-06-02 09:40:08');
INSERT INTO learning_materials VALUES(33,'Практикум: Интеграция коммуникативных навыков','Практическое применение всех изученных навыков коммуникации в реальных ситуациях','VIDEO','COMMUNICATION','BEGINNER',75,'AI Assistant',replace('\n# Практикум: Интеграция коммуникативных навыков\n\n## Цель практикума\n\nОбъединить все изученные навыки коммуникации и применить их в комплексных сценариях.\n\n## Ключевые навыки для интеграции\n\n### 1. Активное слушание\n- Техники SBI (Situation-Behavior-Impact)\n- Эмпатическое понимание\n- Парафразирование и резюмирование\n\n### 2. Невербальная коммуникация\n- Язык тела и жесты\n- Зрительный контакт\n- Управление пространством\n\n### 3. Управление эмоциями\n- Техника STOP\n- Эмоциональная регуляция\n- Конструктивное выражение чувств\n\n### 4. Конфликт-менеджмент\n- Деэскалация напряжения\n- Поиск win-win решений\n- Медиация между сторонами\n\n## Практические сценарии\n\n### Сценарий 1: Сложная презентация\n**Ситуация**: Презентация проекта перед скептически настроенной аудиторией\n\n**Применяемые навыки**:\n- Структурирование информации\n- Работа с возражениями\n- Невербальная уверенность\n- Адаптация к аудитории\n\n### Сценарий 2: Командный конфликт\n**Ситуация**: Конфликт между двумя коллегами влияет на работу команды\n\n**Применяемые навыки**:\n- Активное слушание всех сторон\n- Эмоциональная регуляция\n- Медиация и поиск компромиссов\n- Обратная связь\n\n### Сценарий 3: Межкультурная коммуникация\n**Ситуация**: Работа с международной командой с разными культурными особенностями\n\n**Применяемые навыки**:\n- Культурная чувствительность\n- Адаптация стиля общения\n- Цифровая коммуникация\n- Инклюзивность\n\n## Модель GROW в действии\n\nДля каждого сценария используйте модель GROW:\n\n- **Goal** — Какой результат хотим достичь?\n- **Reality** — Что происходит сейчас?\n- **Options** — Какие у нас есть варианты?\n- **Will** — Что конкретно будем делать?\n\n## Самооценка и планирование развития\n\n### Чек-лист коммуникативных навыков:\n\n1. **Слушание** (1-10): ___\n2. **Говорение** (1-10): ___\n3. **Невербальное общение** (1-10): ___\n4. **Управление конфликтами** (1-10): ___\n5. **Обратная связь** (1-10): ___\n6. **Презентации** (1-10): ___\n7. **Цифровая коммуникация** (1-10): ___\n8. **Межкультурное общение** (1-10): ___\n9. **Эмоциональный интеллект** (1-10): ___\n\n### План развития на 3 месяца:\n\n**Цель 1**: (выберите 2-3 навыка для фокуса)\n**Действия**: (конкретные шаги)\n**Метрики**: (как измерить прогресс)\n\n## Заключение\n\nЭффективная коммуникация — это навык, который развивается постоянно. Продолжайте практиковаться и получать обратную связь!\n    \n\n## 📹 Видео к уроку\n\n**Урок о различных видах публичных выступлений. Практическое применение всех изученных коммуникативных техник.**\n\n🔗 **Ссылка на видео:** https://www.youtube.com/watch?v=hcAm5lyQVyk\n\n### Что вы узнаете из видео:\n- Практические техники и методы\n- Реальные примеры применения\n- Экспертные советы и рекомендации\n- Дополнительные инсайты по теме урока\n\n*Рекомендуется просмотреть видео после изучения теоретического материала для закрепления знаний.*\n','\n',char(10)),'https://www.youtube.com/watch?v=hcAm5lyQVyk','hcAm5lyQVyk',NULL,1,'2025-06-02 08:36:46','2025-06-02 09:40:08');
INSERT INTO learning_materials VALUES(34,'Основы лидерства: лидер vs менеджер','Различия между лидерством и менеджментом, ключевые качества лидера','VIDEO','LEADERSHIP','INTERMEDIATE',45,'AI Assistant',replace('\n# Основы лидерства: лидер vs менеджер\n\n## В чем разница?\n\n### Лидер:\n- **Вдохновляет** людей на достижение целей\n- **Создает видение** будущего\n- **Развивает** потенциал команды\n- **Инициирует изменения**\n- **Завоевывает доверие** личным примером\n\n### Менеджер:\n- **Управляет** процессами и ресурсами\n- **Планирует** и контролирует выполнение\n- **Организует** рабочие процессы\n- **Поддерживает** стабильность\n- **Использует** должностную власть\n\n## 5 уровней лидерства по Джону Максвеллу\n\n### Уровень 1: Позиция\nЛюди следуют за вами, потому что должны\n\n### Уровень 2: Разрешение\nЛюди следуют за вами, потому что хотят\n\n### Уровень 3: Производство\nЛюди следуют за вами из-за ваших результатов\n\n### Уровень 4: Развитие людей\nЛюди следуют за вами из-за того, что вы для них сделали\n\n### Уровень 5: Личность\nЛюди следуют за вами из-за того, кто вы есть\n\n## Ключевые качества лидера\n\n1. **Самосознание** — понимание своих сильных и слабых сторон\n2. **Эмоциональный интеллект** — управление эмоциями\n3. **Честность** — соответствие слов и дел\n4. **Видение** — способность видеть будущее\n5. **Коммуникация** — умение донести идеи\n6. **Решительность** — готовность принимать решения\n7. **Адаптивность** — гибкость в изменениях\n        ','\n',char(10)),'https://www.youtube.com/watch?v=_Yve-X0sQCM','_Yve-X0sQCM',NULL,1,'2025-06-02 08:47:29',NULL);
INSERT INTO learning_materials VALUES(35,'Эмоциональный интеллект лидера','Развитие эмоционального интеллекта как основы эффективного лидерства','VIDEO','LEADERSHIP','INTERMEDIATE',50,'AI Assistant',replace('\n# Эмоциональный интеллект лидера\n\n## Модель EQ Даниэля Гоулмана\n\n### 1. Самосознание\n- **Эмоциональное самосознание**: понимание своих эмоций\n- **Точная самооценка**: знание сильных и слабых сторон\n- **Уверенность в себе**: здоровая самооценка\n\n### 2. Саморегуляция\n- **Эмоциональный самоконтроль**: управление деструктивными эмоциями\n- **Адаптивность**: гибкость в изменениях\n- **Ориентация на достижения**: стремление к совершенству\n- **Позитивный настрой**: видение хорошего в людях и событиях\n\n### 3. Социальное сознание\n- **Эмпатия**: понимание эмоций других\n- **Организационное сознание**: понимание политики и сетей\n- **Ориентация на сервис**: предвосхищение потребностей клиентов\n\n### 4. Управление отношениями\n- **Влияние**: способность убеждать\n- **Коуч и ментор**: помощь в развитии других\n- **Управление конфликтами**: разрешение разногласий\n- **Командное лидерство**: вдохновление команд\n\n## Практические техники\n\n### Управление собственными эмоциями:\n1. **Пауза** — не реагируйте немедленно\n2. **Дыхание** — глубокие вдохи успокаивают\n3. **Переформулирование** — найдите позитивный взгляд\n4. **Физическая активность** — снимает напряжение\n\n### Работа с эмоциями команды:\n1. **Наблюдение** — замечайте эмоциональные сигналы\n2. **Признание** — "Я вижу, что вы расстроены"\n3. **Исследование** — "Что вас беспокоит?"\n4. **Поддержка** — "Как я могу помочь?"\n        ','\n',char(10)),'https://www.youtube.com/watch?v=RemJXW-jaz0','RemJXW-jaz0',NULL,1,'2025-06-02 08:47:29',NULL);
INSERT INTO learning_materials VALUES(36,'Стили лидерства и ситуационное лидерство','Различные стили лидерства и их применение в зависимости от ситуации','VIDEO','LEADERSHIP','INTERMEDIATE',55,'AI Assistant',replace('\n# Стили лидерства и ситуационное лидерство\n\n## Классические стили лидерства\n\n### 1. Авторитарный (Директивный)\n**Когда использовать**: Кризисы, новички, срочные задачи\n- Лидер принимает решения единолично\n- Четкие инструкции и контроль\n- Быстрая реализация решений\n\n### 2. Демократический (Партисипативный)\n**Когда использовать**: Опытная команда, творческие задачи\n- Участие команды в принятии решений\n- Обсуждение и консенсус\n- Высокая мотивация команды\n\n### 3. Делегативный (Либеральный)\n**Когда использовать**: Эксперты, самомотивированная команда\n- Минимальное вмешательство лидера\n- Команда сама принимает решения\n- Лидер — координатор и ресурс\n\n## Модель ситуационного лидерства Херси-Бланшара\n\n### S1: Директивный стиль\n- **Высокая задача + Низкие отношения**\n- Для новичков (низкая компетентность + высокая мотивация)\n- "Скажи что делать"\n\n### S2: Коучинговый стиль  \n- **Высокая задача + Высокие отношения**\n- Для обучающихся (низкая компетентность + низкая мотивация)\n- "Продай идею"\n\n### S3: Поддерживающий стиль\n- **Низкая задача + Высокие отношения**\n- Для способных (высокая компетентность + низкая мотивация)\n- "Участвуй в решении"\n\n### S4: Делегирующий стиль\n- **Низкая задача + Низкие отношения**\n- Для экспертов (высокая компетентность + высокая мотивация)\n- "Делегируй полномочия"\n\n## Адаптивное лидерство\n\n### Ключевые принципы:\n1. **Диагностика ситуации** — оценка готовности команды\n2. **Гибкость стиля** — адаптация под ситуацию\n3. **Развитие команды** — постепенное повышение автономии\n4. **Обратная связь** — корректировка подхода\n        ','\n',char(10)),'https://www.youtube.com/watch?v=04DfKSuhC-0','04DfKSuhC-0',NULL,1,'2025-06-02 08:47:33',NULL);
INSERT INTO learning_materials VALUES(37,'Мотивация и вдохновение команды','Теории мотивации и практические техники вдохновения сотрудников','VIDEO','LEADERSHIP','INTERMEDIATE',60,'AI Assistant',replace('\n# Мотивация и вдохновение команды\n\n## Теории мотивации\n\n### Пирамида потребностей Маслоу\n1. **Физиологические** — зарплата, условия работы\n2. **Безопасности** — стабильность, защищенность\n3. **Социальные** — принадлежность к команде\n4. **Уважения** — признание достижений\n5. **Самоактуализации** — реализация потенциала\n\n### Теория двух факторов Херцберга\n\n#### Гигиенические факторы (предотвращают демотивацию):\n- Зарплата и льготы\n- Условия труда\n- Политика компании\n- Отношения с руководством\n\n#### Мотивирующие факторы (создают мотивацию):\n- Достижения и признание\n- Интересная работа\n- Ответственность\n- Возможности роста\n\n### Теория самодетерминации (SDT)\nТри базовые потребности:\n1. **Автономия** — чувство выбора и контроля\n2. **Компетентность** — ощущение мастерства\n3. **Связанность** — принадлежность к группе\n\n## Практические техники мотивации\n\n### 1. Персонализированный подход\n- Изучите мотивы каждого сотрудника\n- Адаптируйте задачи под их интересы\n- Учитывайте жизненные цели\n\n### 2. Постановка вдохновляющих целей\n- **SMART + E** (Exciting) цели\n- Связь с общей миссией\n- Промежуточные достижения\n\n### 3. Обратная связь и признание\n- Регулярная позитивная обратная связь\n- Публичное признание заслуг\n- Празднование успехов команды\n\n### 4. Развитие и рост\n- Индивидуальные планы развития\n- Новые вызовы и проекты\n- Обучение и менторство\n\n### 5. Создание смысла\n- Объяснение важности работы\n- Влияние на клиентов и общество\n- Личный вклад в общий результат\n        ','\n',char(10)),'https://www.youtube.com/watch?v=vqPCsO8V3Vo','vqPCsO8V3Vo',NULL,1,'2025-06-02 08:47:33',NULL);
INSERT INTO learning_materials VALUES(38,'Делегирование и развитие сотрудников','Эффективные техники делегирования и развития потенциала команды','VIDEO','LEADERSHIP','INTERMEDIATE',50,'AI Assistant',replace('\n# Делегирование и развитие сотрудников\n\n## Почему лидеры не делегируют?\n\n### Основные барьеры:\n1. **"Быстрее сделать самому"** — краткосрочное мышление\n2. **Страх потери контроля** — недоверие к команде\n3. **Перфекционизм** — "Никто не сделает лучше меня"\n4. **Нехватка времени на объяснения** — ложная экономия\n5. **Страх конкуренции** — боязнь, что подчиненный превзойдет\n\n## Модель эффективного делегирования\n\n### 1. Выбор задачи и исполнителя\n**Что делегировать:**\n- Рутинные задачи\n- Задачи для развития сотрудника\n- Задачи в экспертной области подчиненного\n\n**Кому делегировать:**\n- Готовность взять ответственность\n- Необходимые навыки или возможность их развить\n- Доступность и загруженность\n\n### 2. Постановка задачи (модель SMART-R)\n- **S**pecific — Конкретная\n- **M**easurable — Измеримая\n- **A**chievable — Достижимая\n- **R**elevant — Релевантная\n- **T**ime-bound — Ограниченная во времени\n- **R**esources — С необходимыми ресурсами\n\n### 3. Уровни делегирования\n1. **Исследуйте и доложите** — минимальная автономия\n2. **Исследуйте и рекомендуйте** — больше самостоятельности\n3. **Действуйте и информируйте** — высокая автономия\n4. **Действуйте самостоятельно** — полная автономия\n\n### 4. Поддержка и контроль\n- Регулярные check-in встречи\n- Доступность для вопросов\n- Корректирующая обратная связь\n- Признание результатов\n\n## Развитие сотрудников\n\n### Модель 70-20-10:\n- **70%** — обучение на рабочем месте (проекты, задачи)\n- **20%** — социальное обучение (менторство, коучинг)\n- **10%** — формальное обучение (курсы, тренинги)\n\n### Техники развития:\n1. **Stretch assignments** — задачи на пределе возможностей\n2. **Job rotation** — ротация по разным функциям\n3. **Mentoring** — наставничество опытных коллег\n4. **Coaching** — развивающие беседы\n5. **Action learning** — обучение через решение реальных проблем\n        ','\n',char(10)),'https://www.youtube.com/watch?v=nyKdjm9ezfE','nyKdjm9ezfE',NULL,1,'2025-06-02 08:47:33',NULL);
INSERT INTO learning_materials VALUES(39,'Принятие решений и решение проблем','Методы принятия эффективных решений и системного решения проблем','VIDEO','LEADERSHIP','INTERMEDIATE',55,'AI Assistant',replace('\n# Принятие решений и решение проблем\n\n## Типы решений\n\n### По степени структурированности:\n1. **Программируемые** — стандартные, повторяющиеся\n2. **Непрограммируемые** — уникальные, творческие\n\n### По уровню риска:\n1. **В условиях определенности** — известны все последствия\n2. **В условиях риска** — известны вероятности исходов\n3. **В условиях неопределенности** — неизвестны вероятности\n\n## Процесс принятия решений\n\n### 1. Определение проблемы\n- Симптомы vs корневые причины\n- Техника "5 почему"\n- Анализ заинтересованных сторон\n\n### 2. Генерация альтернатив\n- Мозговой штурм\n- Синектика (поиск аналогий)\n- Морфологический анализ\n\n### 3. Оценка альтернатив\n- Критерии оценки\n- Взвешивание важности критериев\n- Матрица решений\n\n### 4. Выбор решения\n- Анализ "за" и "против"\n- Сценарное планирование\n- Интуиция vs рациональность\n\n### 5. Реализация и контроль\n- План внедрения\n- Мониторинг результатов\n- Корректирующие действия\n\n## Методы принятия решений\n\n### 1. Модель DECIDE\n- **D**efine — Определите проблему\n- **E**stablish — Установите критерии\n- **C**onsider — Рассмотрите альтернативы\n- **I**dentify — Выберите лучшую альтернативу\n- **D**evelop — Разработайте план действий\n- **E**valuate — Оцените результат\n\n### 2. Матрица Эйзенхауэра для приоритизации\n- Важно + Срочно = Делать немедленно\n- Важно + Несрочно = Планировать\n- Неважно + Срочно = Делегировать\n- Неважно + Несрочно = Исключать\n\n### 3. Анализ SWOT для стратегических решений\n- **S**trengths — Сильные стороны\n- **W**eaknesses — Слабые стороны\n- **O**pportunities — Возможности\n- **T**hreats — Угрозы\n\n## Когнитивные ловушки\n\n### Основные предубеждения:\n1. **Якорение** — привязка к первой информации\n2. **Подтверждение** — поиск подтверждающих фактов\n3. **Доступность** — переоценка ярких примеров\n4. **Самоуверенность** — переоценка своих способностей\n5. **Эскалация обязательств** — продолжение неудачного проекта\n\n### Как избежать ловушек:\n- Ищите альтернативные точки зрения\n- Играйте роль "адвоката дьявола"\n- Используйте структурированные методы\n- Получайте обратную связь от команды\n        ','\n',char(10)),'https://www.youtube.com/watch?v=p5fJGlPqC-k','p5fJGlPqC-k',NULL,1,'2025-06-02 08:47:33',NULL);
INSERT INTO learning_materials VALUES(40,'Коммуникация и влияние лидера','Эффективная коммуникация лидера и техники влияния на команду','VIDEO','LEADERSHIP','INTERMEDIATE',50,'AI Assistant',replace('\n# Коммуникация и влияние лидера\n\n## Особенности коммуникации лидера\n\n### Лидер как коммуникатор должен:\n1. **Вдохновлять** — создавать эмоциональную связь\n2. **Объяснять** — делать сложное простым\n3. **Убеждать** — использовать логику и эмоции\n4. **Слушать** — понимать потребности команды\n5. **Адаптироваться** — менять стиль под аудиторию\n\n## Модель влияния Роберта Чалдини\n\n### 1. Взаимность (Reciprocity)\nЛюди стремятся отплатить за оказанную услугу\n- Первыми помогайте другим\n- Делитесь знаниями и ресурсами\n- Персонализируйте помощь\n\n### 2. Обязательность (Commitment)\nЛюди стремятся быть последовательными\n- Получайте публичные обязательства\n- Вовлекайте в процесс принятия решений\n- Напоминайте о предыдущих договоренностях\n\n### 3. Социальное доказательство (Social Proof)\nЛюди ориентируются на поведение других\n- Демонстрируйте примеры коллег\n- Используйте истории успеха\n- Создавайте положительные традиции\n\n### 4. Симпатия (Liking)\nЛюди легче соглашаются с теми, кто им нравится\n- Находите общие интересы\n- Делайте искренние комплименты\n- Сотрудничайте в достижении целей\n\n### 5. Авторитет (Authority)\nЛюди следуют за экспертами\n- Демонстрируйте экспертизу\n- Получайте признание достижений\n- Учитесь и развивайтесь постоянно\n\n### 6. Дефицит (Scarcity)\nЛюди ценят редкие возможности\n- Подчеркивайте уникальность предложений\n- Создавайте ограничения по времени\n- Показывайте потенциальные потери\n\n## Техники влияния для лидеров\n\n### 1. Сторителлинг\n- Используйте личные истории\n- Создавайте эмоциональную связь\n- Делайте абстрактное конкретным\n\n### 2. Активное слушание\n- Парафразируйте сказанное\n- Задавайте уточняющие вопросы\n- Показывайте понимание эмоций\n\n### 3. Постановка правильных вопросов\n- Открытые vs закрытые вопросы\n- Наводящие vs нейтральные\n- Вопросы для развития мышления\n\n### 4. Невербальная коммуникация\n- Уверенная поза и жесты\n- Зрительный контакт\n- Соответствие слов и тела\n        ','\n',char(10)),'https://www.youtube.com/watch?v=qj5jtraqsnQ','qj5jtraqsnQ',NULL,1,'2025-06-02 08:47:33',NULL);
INSERT INTO learning_materials VALUES(41,'Управление изменениями','Лидерство в условиях изменений и трансформаций','VIDEO','LEADERSHIP','INTERMEDIATE',60,'AI Assistant',replace('\n# Управление изменениями\n\n## Модель изменений Джона Коттера\n\n### 8 шагов трансформации:\n\n#### 1. Создание чувства безотлагательности\n- Анализ рынка и конкурентных реалий\n- Выявление и обсуждение кризисов и возможностей\n- 75% менеджеров должны быть убеждены в необходимости\n\n#### 2. Формирование коалиции\n- Объединение людей с достаточной властью\n- Развитие командной работы в группе\n- Проверка отсутствия "тяжелых эго"\n\n#### 3. Создание видения и стратегии\n- Видение, которое можно объяснить за 5 минут\n- Стратегия достижения видения\n- Видение должно быть простым и понятным\n\n#### 4. Донесение видения трансформации\n- Использование всех каналов коммуникации\n- Обучение новым моделям поведения\n- Лидеры должны быть примером\n\n#### 5. Расширение возможностей действий\n- Устранение препятствий для видения\n- Изменение систем и структур\n- Поощрение нестандартных идей и действий\n\n#### 6. Обеспечение краткосрочных побед\n- Планирование видимых улучшений результатов\n- Создание этих улучшений\n- Признание и награждение участников\n\n#### 7. Консолидация достижений\n- Использование возросшего доверия для больших изменений\n- Найм, продвижение людей, способных реализовать видение\n- Активизация процесса новыми проектами\n\n#### 8. Закрепление новых подходов в культуре\n- Артикуляция связи между новым поведением и успехом\n- Развитие средств обеспечения развития лидерства\n\n## Кривая изменений (Change Curve)\n\n### Стадии реакции на изменения:\n1. **Отрицание** — "Это нас не коснется"\n2. **Сопротивление** — "Это плохая идея"\n3. **Исследование** — "Может быть, есть что-то полезное"\n4. **Обязательство** — "Давайте сделаем это работать"\n\n### Роль лидера на каждой стадии:\n- **Отрицание**: Информирование и объяснение\n- **Сопротивление**: Слушание и поддержка\n- **Исследование**: Вовлечение и обучение\n- **Обязательство**: Поддержание и развитие\n\n## Сопротивление изменениям\n\n### Источники сопротивления:\n1. **Страх неизвестного** — что будет дальше?\n2. **Потеря контроля** — изменение статуса-кво\n3. **Потеря компетентности** — навыки могут устареть\n4. **Потеря отношений** — изменения в команде\n5. **Потеря направления** — неясность целей\n\n### Преодоление сопротивления:\n1. **Коммуникация** — объяснение причин и выгод\n2. **Участие** — вовлечение в планирование\n3. **Поддержка** — помощь в адаптации\n4. **Переговоры** — компромиссы и стимулы\n5. **Принуждение** — в крайних случаях\n        ','\n',char(10)),'https://www.youtube.com/watch?v=hhWZWt180YU','hhWZWt180YU',NULL,1,'2025-06-02 08:47:33',NULL);
INSERT INTO learning_materials VALUES(42,'Лидерство и корпоративная культура','Влияние лидера на формирование и развитие корпоративной культуры','VIDEO','LEADERSHIP','INTERMEDIATE',45,'AI Assistant',replace('\n# Лидерство и корпоративная культура\n\n## Что такое корпоративная культура?\n\nКорпоративная культура — это совокупность общих ценностей, убеждений, традиций и норм поведения, которые определяют "как мы здесь делаем дела".\n\n### Уровни культуры по Эдгару Шейну:\n\n#### 1. Артефакты (видимый уровень)\n- Физическая среда и обстановка\n- Язык и жаргон\n- Технологии и продукты\n- Стиль одежды\n- Мифы и истории\n- Церемонии и ритуалы\n\n#### 2. Провозглашаемые ценности\n- Официальная философия\n- Стратегии и цели\n- Миссия и видение\n- Правила поведения\n\n#### 3. Базовые предположения (глубинный уровень)\n- Отношение к времени и пространству\n- Природа человека\n- Отношения между людьми\n- Природа реальности и истины\n\n## Роль лидера в формировании культуры\n\n### Лидер влияет на культуру через:\n\n#### 1. Личный пример\n- Поведение говорит громче слов\n- Последовательность в действиях\n- Соответствие ценностям\n\n#### 2. Распределение внимания\n- На что лидер обращает внимание\n- Что измеряет и контролирует\n- Что обсуждает на встречах\n\n#### 3. Реакция на кризисы\n- Как ведет себя под давлением\n- Какие решения принимает\n- На что делает акцент\n\n#### 4. Распределение ресурсов\n- Бюджетные приоритеты\n- Инвестиции в развитие\n- Система вознаграждений\n\n#### 5. Назначения и увольнения\n- Кого продвигает\n- Кого нанимает\n- С кем расстается\n\n#### 6. Организационные структуры\n- Как организует работу\n- Системы коммуникации\n- Процедуры и политики\n\n## Типы корпоративных культур\n\n### Модель конкурирующих ценностей (CVF):\n\n#### 1. Клановая культура\n- **Фокус**: Люди и развитие\n- **Характеристики**: Семейная атмосфера, наставничество\n- **Лидерство**: Ментор, фасилитатор\n\n#### 2. Адхократическая культура\n- **Фокус**: Инновации и адаптивность\n- **Характеристики**: Творчество, предпринимательство\n- **Лидерство**: Инноватор, визионер\n\n#### 3. Рыночная культура\n- **Фокус**: Результаты и достижения\n- **Характеристики**: Конкуренция, достижение целей\n- **Лидерство**: Продюсер, директор\n\n#### 4. Иерархическая культура\n- **Фокус**: Стабильность и контроль\n- **Характеристики**: Формальные процедуры, эффективность\n- **Лидерство**: Координатор, монитор\n\n## Изменение культуры\n\n### Принципы изменения культуры:\n1. **Начните с себя** — будьте примером\n2. **Определите желаемую культуру** — четкое видение\n3. **Найдите культурных агентов** — союзников изменений\n4. **Используйте символы** — ритуалы и традиции\n5. **Измеряйте прогресс** — опросы и обратная связь\n6. **Будьте терпеливы** — культура меняется медленно\n        ','\n',char(10)),'https://www.youtube.com/watch?v=W6R10bQpxEA','W6R10bQpxEA',NULL,1,'2025-06-02 08:47:33',NULL);
INSERT INTO learning_materials VALUES(43,'Интеграция лидерских навыков: от теории к практике','Комплексное применение всех изученных лидерских навыков в реальных ситуациях','VIDEO','LEADERSHIP','INTERMEDIATE',75,'AI Assistant',replace('\n# Интеграция лидерских навыков: от теории к практике\n\n## Модель интегрированного лидерства\n\n### Внутренний мир лидера (Self)\n1. **Самосознание** — понимание себя\n2. **Саморегуляция** — управление собой\n3. **Мотивация** — внутренний драйв\n4. **Ценности** — моральный компас\n5. **Видение** — представление о будущем\n\n### Отношения с людьми (Others)\n1. **Эмпатия** — понимание других\n2. **Коммуникация** — эффективное общение\n3. **Влияние** — способность убеждать\n4. **Развитие других** — коучинг и менторство\n5. **Управление конфликтами** — разрешение споров\n\n### Управление результатами (Results)\n1. **Стратегическое мышление** — видение целого\n2. **Принятие решений** — выбор курса действий\n3. **Исполнение** — достижение результатов\n4. **Инновации** — создание нового\n5. **Адаптивность** — гибкость в изменениях\n\n## Ситуационные вызовы лидера\n\n### Сценарий 1: Кризисное лидерство\n**Ситуация**: Неожиданный кризис требует быстрых решений\n\n**Ключевые навыки**:\n- Эмоциональная стабильность\n- Быстрое принятие решений\n- Четкая коммуникация\n- Мобилизация команды\n\n**Действия лидера**:\n1. Оценить ситуацию объективно\n2. Стабилизировать эмоциональное состояние команды\n3. Принять быстрые решения\n4. Координировать действия\n5. Поддерживать моральный дух\n\n### Сценарий 2: Лидерство роста\n**Ситуация**: Компания/команда быстро растет\n\n**Ключевые навыки**:\n- Масштабирование процессов\n- Развитие людей\n- Поддержание культуры\n- Стратегическое планирование\n\n**Действия лидера**:\n1. Планировать рост заранее\n2. Инвестировать в развитие людей\n3. Адаптировать структуры и процессы\n4. Поддерживать качество и культуру\n5. Готовить следующее поколение лидеров\n\n### Сценарий 3: Трансформационное лидерство\n**Ситуация**: Необходимы кардинальные изменения\n\n**Ключевые навыки**:\n- Создание видения\n- Управление изменениями\n- Преодоление сопротивления\n- Вдохновение команды\n\n**Действия лидера**:\n1. Создать убедительное видение\n2. Сформировать коалицию поддержки\n3. Коммуницировать необходимость изменений\n4. Вовлечь людей в процесс\n5. Закрепить новые подходы\n\n## Самооценка лидерских компетенций\n\n### Чек-лист лидерских навыков (оценка 1-10):\n\n#### Самолидерство:\n- Самосознание: ___\n- Саморегуляция: ___\n- Мотивация: ___\n- Целеполагание: ___\n\n#### Лидерство других:\n- Коммуникация: ___\n- Влияние: ___\n- Развитие команды: ___\n- Управление конфликтами: ___\n\n#### Лидерство результатов:\n- Принятие решений: ___\n- Стратегическое мышление: ___\n- Управление изменениями: ___\n- Инновационность: ___\n\n## План развития лидера\n\n### 1. Определите приоритеты развития\n- Выберите 3-5 ключевых навыков\n- Учтите требования роли\n- Получите обратную связь от команды\n\n### 2. Создайте план действий\n- Конкретные шаги развития\n- Временные рамки\n- Ресурсы и поддержка\n- Метрики прогресса\n\n### 3. Найдите возможности практики\n- Проекты и задачи\n- Ментор или коуч\n- Книги и курсы\n- Сообщества лидеров\n\n### 4. Измеряйте прогресс\n- Регулярная самооценка\n- Обратная связь от команды\n- 360-градусная оценка\n- Результаты команды\n        ','\n',char(10)),'https://www.youtube.com/watch?v=GenluOJeKmU','GenluOJeKmU',NULL,1,'2025-06-02 08:47:33',NULL);
INSERT INTO learning_materials VALUES(44,'Основы эмоционального интеллекта','Введение в концепцию EQ, самосознание и понимание эмоций','VIDEO','EMOTIONAL_INTELLIGENCE','INTERMEDIATE',60,NULL,replace('# Основы эмоционального интеллекта\n\n## Что такое эмоциональный интеллект?\nЭмоциональный интеллект (EQ) — это способность распознавать, понимать и управлять своими эмоциями, а также эффективно взаимодействовать с эмоциями других людей.\n\n## Модель Гоулмана: 4 компонента EQ\n\n### 1. Самосознание (Self-awareness)\n- Понимание своих эмоций\n- Осознание сильных и слабых сторон\n- Уверенность в себе\n\n### 2. Саморегуляция (Self-regulation)\n- Контроль импульсов\n- Адаптивность\n- Оптимизм\n\n### 3. Социальная осведомленность (Social awareness)\n- Эмпатия\n- Организационная осведомленность\n- Сервисная ориентация\n\n### 4. Управление отношениями (Relationship management)\n- Влияние\n- Лидерство\n- Управление конфликтами\n- Командная работа\n\n## Преимущества высокого EQ в работе\n- Лучшее лидерство\n- Эффективная коммуникация\n- Снижение стресса\n- Повышение производительности\n- Улучшение отношений в команде\n\n## Оценка своего EQ\nЭмоциональный интеллект можно развивать. Первый шаг - честная оценка текущего уровня и понимание областей для роста.','\n',char(10)),'https://www.youtube.com/watch?v=4-e0naex7P0','4-e0naex7P0',NULL,1,'2025-06-02 08:59:43',NULL);
INSERT INTO learning_materials VALUES(45,'Развитие самосознания и эмоциональной осведомленности','Техники для лучшего понимания своих эмоций и их влияния на поведение','VIDEO','EMOTIONAL_INTELLIGENCE','INTERMEDIATE',65,NULL,replace('# Развитие самосознания и эмоциональной осведомленности\n\n## Что такое самосознание?\nСамосознание — это способность распознавать и понимать свои эмоции в реальном времени, осознавать их влияние на мысли и поведение.\n\n## Компоненты эмоционального самосознания\n\n### 1. Эмоциональная осведомленность\n- Распознавание эмоций по мере их возникновения\n- Понимание связи между чувствами, мыслями и действиями\n- Осознание влияния эмоций на производительность\n\n### 2. Точная самооценка\n- Понимание своих сильных сторон и ограничений\n- Способность учиться на ошибках\n- Открытость к обратной связи\n\n### 3. Уверенность в себе\n- Здоровое чувство собственного достоинства\n- Способность выражать непопулярные точки зрения\n- Решительность в принятии решений\n\n## Техники развития самосознания\n\n### Техника "Эмоциональный термометр"\n1. Регулярно (каждые 2 часа) спрашивайте себя: "Что я сейчас чувствую?"\n2. Оцените интенсивность эмоции по шкале 1-10\n3. Определите триггер (что вызвало эмоцию)\n4. Проанализируйте влияние на поведение\n\n### Практика mindfulness\n- Медитация осознанности 10-15 минут в день\n- Осознанное дыхание в моменты стресса\n- Body scan для связи с физическими ощущениями\n\n### Ведение эмоционального дневника\n- Ежедневные записи о значимых эмоциональных событиях\n- Анализ паттернов и триггеров\n- Отслеживание прогресса в управлении эмоциями\n\n## Препятствия для самосознания\n- Избегание неприятных эмоций\n- Социальные маски и роли\n- Автоматические реакции\n- Недостаток времени для рефлексии','\n',char(10)),'https://www.youtube.com/watch?v=33JzSaS03yI','33JzSaS03yI',NULL,1,'2025-06-02 09:01:14',NULL);
INSERT INTO learning_materials VALUES(46,'Саморегуляция и управление импульсами','Стратегии контроля эмоций и продуктивного реагирования в сложных ситуациях','VIDEO','EMOTIONAL_INTELLIGENCE','INTERMEDIATE',70,NULL,replace('# Саморегуляция и управление импульсами\n\n## Понятие саморегуляции\nСаморегуляция — это способность управлять своими эмоциями, импульсами и поведением для достижения долгосрочных целей.\n\n## Компоненты саморегуляции\n\n### 1. Эмоциональный самоконтроль\n- Управление деструктивными эмоциями\n- Сохранение спокойствия под давлением\n- Быстрое восстановление после стресса\n\n### 2. Адаптивность\n- Гибкость в изменяющихся обстоятельствах\n- Готовность пересматривать планы\n- Открытость новым идеям\n\n### 3. Ориентация на достижения\n- Стремление к совершенствованию\n- Готовность использовать возможности\n- Оптимизм перед лицом неудач\n\n## Техники саморегуляции\n\n### Техника STOP\n- **S**top — остановитесь\n- **T**ake a breath — сделайте глубокий вдох\n- **O**bserve — понаблюдайте за ситуацией\n- **P**roceed — действуйте осознанно\n\n### Когнитивная переоценка\n1. Выявите негативную мысль\n2. Проверьте ее на реалистичность\n3. Найдите альтернативные интерпретации\n4. Выберите более конструктивную точку зрения\n\n### Техника "6 секунд"\nНейробиологические исследования показывают, что химический импульс эмоции длится примерно 6 секунд. Если вы сможете не реагировать эти 6 секунд, импульс ослабнет.\n\n### Управление дыханием\n- Диафрагмальное дыхание: 4 счета вдох, 4 счета задержка, 6 счетов выдох\n- Техника 4-7-8: вдох на 4, задержка на 7, выдох на 8\n- Box breathing: 4-4-4-4\n\n## Работа с триггерами\n1. Выявление личных триггеров\n2. Разработка стратегий предотвращения\n3. Создание плана действий для неизбежных ситуаций\n4. Практика альтернативных реакций','\n',char(10)),'https://www.youtube.com/watch?v=QVE2kDQO4Mk','QVE2kDQO4Mk',NULL,1,'2025-06-02 09:01:14',NULL);
INSERT INTO learning_materials VALUES(47,'Эмпатия и социальная осведомленность','Развитие способности понимать эмоции других людей и эффективно взаимодействовать','VIDEO','EMOTIONAL_INTELLIGENCE','INTERMEDIATE',60,NULL,replace('# Эмпатия и социальная осведомленность\n\n## Понятие эмпатии\nЭмпатия — это способность понимать и разделять эмоции других людей, видеть ситуацию с их точки зрения.\n\n## Типы эмпатии\n\n### 1. Когнитивная эмпатия\n- Понимание мыслей и чувств других\n- Способность "читать" эмоции\n- Предвидение реакций людей\n\n### 2. Эмоциональная эмпатия\n- Разделение эмоций других\n- Физическое ощущение чужих эмоций\n- Эмоциональное заражение\n\n### 3. Сострадательная эмпатия\n- Желание помочь\n- Активные действия для поддержки\n- Баланс между пониманием и действием\n\n## Навыки социальной осведомленности\n\n### Чтение невербальных сигналов\n- Мимика и выражение лица\n- Язык тела и поза\n- Тон голоса и интонация\n- Жесты и движения\n\n### Активное слушание\n1. Полное внимание собеседнику\n2. Отражение услышанного\n3. Задавание уточняющих вопросов\n4. Невербальная поддержка\n\n### Понимание групповой динамики\n- Выявление лидеров и последователей\n- Распознавание скрытых конфликтов\n- Понимание неформальных сетей\n- Чувствительность к атмосфере\n\n## Техники развития эмпатии\n\n### Упражнение "Смена перспектив"\n1. Выберите человека, с которым у вас сложности\n2. Попробуйте понять его точку зрения\n3. Подумайте о его мотивах и страхах\n4. Найдите общие точки соприкосновения\n\n### Практика любопытства\n- Задавайте открытые вопросы\n- Проявляйте искренний интерес к другим\n- Избегайте поспешных суждений\n- Ищите истории за поведением\n\n### Эмпатическое слушание\n- Слушайте не только слова, но и эмоции\n- Отражайте чувства собеседника\n- Используйте фразы: "Я понимаю, что вы чувствуете..."\n- Задавайте вопросы о переживаниях\n\n## Границы эмпатии\nВажно развивать эмпатию, сохраняя эмоциональные границы, чтобы избежать выгорания и сохранить объективность.','\n',char(10)),'https://www.youtube.com/watch?v=YFZ2PxAxCdM','YFZ2PxAxCdM',NULL,1,'2025-06-02 09:01:14',NULL);
INSERT INTO learning_materials VALUES(48,'Социальные навыки и управление отношениями','Эффективное взаимодействие, влияние и построение крепких рабочих отношений','VIDEO','EMOTIONAL_INTELLIGENCE','INTERMEDIATE',75,NULL,replace('# Социальные навыки и управление отношениями\n\n## Компоненты социальных навыков\n\n### 1. Влияние\n- Способность убеждать и мотивировать\n- Использование различных стилей влияния\n- Построение коалиций и союзов\n\n### 2. Коучинг и наставничество\n- Развитие потенциала других\n- Предоставление конструктивной обратной связи\n- Создание возможностей для роста\n\n### 3. Управление конфликтами\n- Предотвращение и разрешение разногласий\n- Поиск беспроигрышных решений\n- Медиация между сторонами\n\n### 4. Лидерство\n- Вдохновение и мотивация команды\n- Четкое видение и направление\n- Создание позитивной атмосферы\n\n## Стили влияния\n\n### 1. Рациональное убеждение\n- Логические аргументы\n- Факты и данные\n- Пошаговые объяснения\n\n### 2. Вдохновляющие призывы\n- Обращение к ценностям\n- Эмоциональная мотивация\n- Видение будущего\n\n### 3. Консультации\n- Вовлечение в принятие решений\n- Учет мнений других\n- Совместная разработка планов\n\n### 4. Обмены\n- Взаимные выгоды\n- Компромиссы\n- "Ты мне — я тебе"\n\n## Техники построения отношений\n\n### Раппорт и доверие\n1. Найдите общие интересы\n2. Проявляйте искреннюю заинтересованность\n3. Соблюдайте обещания\n4. Будьте последовательными\n\n### Эффективная коммуникация\n- Ясность и конкретность\n- Адаптация стиля под аудиторию\n- Использование историй и метафор\n- Невербальная согласованность\n\n### Управление командной динамикой\n- Создание психологической безопасности\n- Поощрение разнообразия мнений\n- Управление групповым процессом\n- Празднование успехов\n\n## Разрешение конфликтов\n\n### Модель WIN-WIN\n1. Определите интересы всех сторон\n2. Генерируйте варианты решений\n3. Используйте объективные критерии\n4. Разделяйте людей и проблемы\n\n### Техника "Эмоциональный пинг-понг"\n1. Признайте эмоции собеседника\n2. Поделитесь своими чувствами\n3. Найдите общую основу\n4. Переключитесь на решение проблемы\n\n## Обратная связь\n\n### Модель SBI (Situation-Behavior-Impact)\n- **Situation**: Опишите ситуацию\n- **Behavior**: Укажите конкретное поведение\n- **Impact**: Объясните влияние\n\n### Принципы эффективной обратной связи\n- Своевременность\n- Конкретность\n- Фокус на поведении, не личности\n- Баланс позитивного и развивающего','\n',char(10)),'https://www.youtube.com/watch?v=SGBGr0ojjmM','SGBGr0ojjmM',NULL,1,'2025-06-02 09:01:14',NULL);
INSERT INTO learning_materials VALUES(49,'Постановка целей и приоритизация по методу SMART','Эффективная постановка целей и определение приоритетов для максимальной продуктивности','VIDEO','TIME_MANAGEMENT','BEGINNER',55,NULL,replace('# Постановка целей и приоритизация по методу SMART\n\n## Важность правильной постановки целей\nЧетко сформулированные цели — основа эффективного управления временем. Без ясных целей время тратится на второстепенные задачи.\n\n## Метод SMART для постановки целей\n\n### S - Specific (Конкретные)\n- Четко определенные и понятные\n- Отвечают на вопросы: что, где, когда, как, почему\n- Избегают общих формулировок\n\n### M - Measurable (Измеримые)\n- Количественные критерии успеха\n- Возможность отслеживать прогресс\n- Ясные метрики достижения\n\n### A - Achievable (Достижимые)\n- Реалистичные с учетом ресурсов\n- Не слишком простые, но выполнимые\n- Учитывают текущие возможности\n\n### R - Relevant (Релевантные)\n- Соответствуют общим целям\n- Важны для развития и роста\n- Связаны с ключевыми приоритетами\n\n### T - Time-bound (Ограниченные во времени)\n- Четкие сроки выполнения\n- Промежуточные контрольные точки\n- Чувство срочности\n\n## Методы приоритизации\n\n### Матрица приоритетов ABC\n- **A**: Критически важные задачи\n- **B**: Важные, но менее срочные\n- **C**: Приятные, но не обязательные\n\n### Метод MoSCoW\n- **Must have**: Обязательно сделать\n- **Should have**: Желательно сделать\n- **Could have**: Можно сделать при наличии времени\n- **Won''t have**: Не делать в текущем периоде\n\n### Правило 3-х\nВыбирайте максимум 3 приоритетные задачи на день для фокусировки усилий.\n\n## Техники планирования\n\n### Getting Things Done (GTD)\n1. Сбор всех задач в одном месте\n2. Обработка и классификация\n3. Организация по контекстам\n4. Регулярный обзор\n5. Выполнение\n\n### Временные блоки\n- Выделение конкретного времени под задачи\n- Группировка похожих активностей\n- Защита времени от прерываний\n\n## Обзор и корректировка целей\nРегулярный пересмотр целей (еженедельно/ежемесячно) для поддержания актуальности и мотивации.','\n',char(10)),'https://www.youtube.com/watch?v=I0pmdduIlkw','I0pmdduIlkw',NULL,1,'2025-06-02 09:10:14',NULL);
INSERT INTO learning_materials VALUES(50,'Борьба с прокрастинацией и повышение мотивации','Психологические методы преодоления откладывания дел и поддержания высокой мотивации','VIDEO','TIME_MANAGEMENT','BEGINNER',50,NULL,replace('# Борьба с прокрастинацией и повышение мотивации\n\n## Понимание прокрастинации\n\n### Что такое прокрастинация?\nПрокрастинация — это добровольное откладывание важных задач, несмотря на понимание негативных последствий.\n\n### Типы прокрастинации\n1. **Перфекционизм**: страх сделать несовершенно\n2. **Overwhelm**: ощущение подавленности объемом задач\n3. **Страх неудачи**: избегание риска провала\n4. **Отсутствие мотивации**: задача кажется неинтересной\n5. **Недостаток ясности**: непонимание как начать\n\n## Техники преодоления прокрастинации\n\n### Правило 2-х минут\nЕсли задача займет менее 2 минут — делайте ее немедленно, не откладывая.\n\n### Техника "Swiss Cheese"\nДелайте случайные "дырки" в большой задаче, выполняя небольшие части в произвольном порядке.\n\n### Метод 15 минут\nРаботайте над сложной задачей всего 15 минут. Часто этого достаточно чтобы войти в поток.\n\n### Принцип "Съесть слона"\nРазбивайте большие задачи на мелкие, выполнимые за один присест части.\n\n### Техника "Следующее действие"\nВсегда определяйте конкретное следующее физическое действие для продвижения к цели.\n\n## Методы повышения мотивации\n\n### Визуализация результата\n- Представьте преимущества выполнения задачи\n- Визуализируйте последствия невыполнения\n- Создайте мысленную картину успеха\n\n### Система вознаграждений\n- Небольшие награды за промежуточные достижения\n- Крупные вознаграждения за значимые цели\n- Социальное признание успехов\n\n### Техника "Momentum"\nНачинайте день с выполнения простых задач для создания импульса движения.\n\n### Accountability partner\nНайдите человека, перед которым будете отчитываться о прогрессе.\n\n## Работа с внутренними барьерами\n\n### Негативный внутренний диалог\n- Замечайте самокритичные мысли\n- Заменяйте их конструктивными\n- Практикуйте self-compassion\n\n### Страх неудачи\n- Переформулируйте неудачи как обучение\n- Сосредоточьтесь на процессе, а не результате\n- Принимайте несовершенство как норму\n\n## Создание поддерживающей среды\n- Уберите отвлекающие факторы\n- Создайте ритуалы начала работы\n- Окружите себя мотивирующими элементами','\n',char(10)),'https://www.youtube.com/watch?v=uRsb2TlH2QY','uRsb2TlH2QY',NULL,1,'2025-06-02 09:10:14',NULL);
INSERT INTO learning_materials VALUES(51,'Цифровые инструменты для управления временем','Обзор и практическое применение современных приложений и сервисов для планирования','VIDEO','TIME_MANAGEMENT','BEGINNER',45,NULL,replace('# Цифровые инструменты для управления временем\n\n## Принципы выбора инструментов\n\n### Ключевые критерии\n1. **Простота использования**: интуитивный интерфейс\n2. **Синхронизация**: доступ с разных устройств\n3. **Гибкость**: адаптация под ваши процессы\n4. **Интеграция**: совместимость с другими инструментами\n5. **Надежность**: стабильная работа\n\n## Категории инструментов\n\n### Планировщики задач\n**Todoist**\n- Естественный язык для ввода задач\n- Проекты и метки для организации\n- Шаблоны для повторяющихся процессов\n\n**Any.do**\n- Минималистичный дизайн\n- Голосовой ввод задач\n- Интеграция с календарем\n\n**Things 3** (Mac/iOS)\n- Award-winning дизайн\n- Natural planning workflow\n- Powerful organization features\n\n### Календарные приложения\n**Google Calendar**\n- Умные предложения времени\n- Интеграция с Gmail\n- Совместное планирование\n\n**Calendly**\n- Автоматическое планирование встреч\n- Избежание конфликтов времени\n- Интеграция с видеоконференциями\n\n### Методология и фокус\n**Forest**\n- Pomodoro timer с геймификацией\n- Блокировка отвлекающих приложений\n- Визуализация продуктивности\n\n**Focus Keeper**\n- Простой Pomodoro timer\n- Статистика фокуса\n- Настраиваемые интервалы\n\n**RescueTime**\n- Автоматический трекинг времени\n- Анализ продуктивности\n- Блокировка отвлекающих сайтов\n\n## Системы управления проектами\n\n### Trello\n- Kanban boards для визуального планирования\n- Командная работа\n- Power-ups для расширения функций\n\n### Asana\n- Проекты, задачи и подзадачи\n- Timeline view для планирования\n- Отчеты и аналитика\n\n### Notion\n- All-in-one workspace\n- Базы данных и шаблоны\n- Настраиваемые workflow\n\n## Принципы эффективного использования\n\n### Правило одного инструмента\nИзбегайте использования множества похожих приложений — выберите одно основное для каждой категории.\n\n### Регулярная синхронизация\nНастройте автоматическую синхронизацию между устройствами и резервное копирование.\n\n### Еженедельный обзор\nРегулярно анализируйте эффективность ваших инструментов и корректируйте настройки.\n\n## Автоматизация рутинных задач\n\n### IFTTT/Zapier\n- Автоматизация между приложениями\n- Триггеры и действия\n- Экономия времени на рутине\n\n### Шаблоны и чек-листы\n- Стандартизация повторяющихся процессов\n- Снижение когнитивной нагрузки\n- Уменьшение ошибок\n\n## Цифровая гигиена\n- Регулярная очистка устаревших задач\n- Организация файлов и папок\n- Управление уведомлениями','\n',char(10)),'https://www.youtube.com/watch?v=YSjr2zPbuHo','YSjr2zPbuHo',NULL,1,'2025-06-02 09:10:14',NULL);
INSERT INTO learning_materials VALUES(52,'Управление энергией и биоритмы','Оптимизация работоспособности через понимание естественных циклов энергии','VIDEO','TIME_MANAGEMENT','BEGINNER',48,NULL,replace('# Управление энергией и биоритмы\n\n## Энергия важнее времени\n\n### Парадигма управления энергией\nТрадиционное управление временем фокусируется на часах, но продуктивность зависит больше от уровня энергии в конкретный момент.\n\n### Типы энергии\n1. **Физическая**: здоровье, выносливость, сила\n2. **Эмоциональная**: настроение, мотивация, страсть\n3. **Ментальная**: концентрация, творчество, принятие решений\n4. **Духовная**: смысл, ценности, цель\n\n## Циркадные ритмы и хронотипы\n\n### Понимание биоритмов\nЦиркадные ритмы — это естественные 24-часовые циклы физиологических процессов, влияющие на:\n- Температуру тела\n- Выработку гормонов\n- Когнитивные способности\n- Настроение и энергию\n\n### Хронотипы\n**Жаворонки (25% населения)**\n- Пик энергии: 6:00-12:00\n- Лучшее время для сложных задач: утро\n- Спад энергии: после обеда\n\n**Совы (25% населения)**\n- Пик энергии: 17:00-24:00\n- Лучшее время для сложных задач: вечер\n- Медленный старт утром\n\n**Голуби (50% населения)**\n- Пик энергии: 10:00-14:00\n- Универсальное время продуктивности\n- Умеренные колебания энергии\n\n## Принципы энергетического планирования\n\n### Соответствие задач уровню энергии\n- **Высокая энергия**: творческие и аналитические задачи\n- **Средняя энергия**: рутинные задачи, коммуникация\n- **Низкая энергия**: организационные задачи, планирование\n\n### Ритм работы и отдыха\n**Ультрадианные ритмы (90-120 минут)**\n- Естественные циклы концентрации\n- Необходимость перерывов каждые 90 минут\n- Микросон для восстановления\n\n## Стратегии управления энергией\n\n### Физическая энергия\n**Сон**\n- 7-9 часов качественного сна\n- Постоянное время отхода ко сну\n- Создание ритуалов засыпания\n\n**Питание**\n- Регулярные приемы пищи\n- Избегание резких скачков сахара\n- Гидратация в течение дня\n\n**Физическая активность**\n- Ежедневные упражнения\n- Прогулки между задачами\n- Растяжка для снятия напряжения\n\n### Ментальная энергия\n**Однозадачность**\n- Глубокое погружение в одну задачу\n- Избегание multitasking\n- Использование техник концентрации\n\n**Когнитивные перерывы**\n- Смена типа деятельности\n- Медитация или mindfulness\n- Природа для восстановления внимания\n\n### Эмоциональная энергия\n**Позитивные эмоции**\n- Благодарность и признательность\n- Социальные связи\n- Достижение небольших целей\n\n**Управление стрессом**\n- Техники дыхания\n- Переформулирование ситуаций\n- Поиск поддержки\n\n## Персональная энергетическая карта\nОтслеживайте свои уровни энергии в течение дня в течение 1-2 недель для выявления персональных паттернов.','\n',char(10)),'https://www.youtube.com/watch?v=QhJZXA9DPi8','QhJZXA9DPi8',NULL,1,'2025-06-02 09:10:14',NULL);
INSERT INTO learning_materials VALUES(53,'Эффективные совещания и коммуникация','Оптимизация времени, затрачиваемого на встречи и общение с коллегами','VIDEO','TIME_MANAGEMENT','BEGINNER',42,NULL,replace('# Эффективные совещания и коммуникация\n\n## Проблема неэффективных совещаний\n\n### Статистика потерь времени\n- Средний офисный работник проводит 23 часа в неделю на совещаниях\n- 67% работников считают совещания самой большой тратой времени\n- 39% участников засыпают на совещаниях\n\n### Основные проблемы\n- Отсутствие четкой повестки дня\n- Слишком много участников\n- Затягивание обсуждений\n- Отсутствие конкретных решений\n- Игнорирование временных рамок\n\n## Принципы эффективных совещаний\n\n### Правило необходимости\n**Вопросы перед назначением встречи:**\n- Можно ли решить вопрос email/чатом?\n- Нужны ли все приглашенные участники?\n- Есть ли четкая цель встречи?\n- Какой конкретный результат ожидается?\n\n### Структура эффективного совещания\n1. **Подготовка** (до встречи)\n2. **Проведение** (четкий процесс)\n3. **Последующие действия** (после встречи)\n\n## Подготовка к совещанию\n\n### Четкая повестка дня\n- Конкретные вопросы для обсуждения\n- Время на каждый пункт\n- Ответственные за презентацию\n- Ожидаемые решения\n\n### Подготовка материалов\n- Предварительная рассылка документов\n- Время для изучения до встречи\n- Конкретные вопросы для решения\n\n### Оптимальное количество участников\n**Правило "двух пицц" Amazon:**\nЕсли группу нельзя накормить двумя пиццами — она слишком большая.\n\n**Роли участников:**\n- **Владелец решения**: принимает финальное решение\n- **Консультанты**: предоставляют экспертизу\n- **Исполнители**: будут реализовывать решения\n\n## Проведение совещания\n\n### Временные рамки\n- Начинайте точно в назначенное время\n- Используйте таймер для каждого пункта\n- Делайте перерывы каждые 45-60 минут\n- Завершайте вовремя\n\n### Фасилитация дискуссий\n**Техники управления обсуждением:**\n- Parking lot для второстепенных вопросов\n- Round robin для равного участия\n- Devil''s advocate для критического мышления\n- Silent start для индивидуального размышления\n\n### Принятие решений\n- Четко формулируйте варианты\n- Используйте голосование при необходимости\n- Документируйте принятые решения\n- Назначайте ответственных и дедлайны\n\n## Альтернативы традиционным совещаниям\n\n### Stand-up meetings (15 минут)\n- Что сделано вчера\n- Планы на сегодня\n- Препятствия и помощь\n\n### Walking meetings\n- Для креативных обсуждений\n- Один на один\n- Максимум 3 человека\n\n### Асинхронные обновления\n- Письменные отчеты\n- Видео-сообщения\n- Shared документы для комментариев\n\n## Эффективная цифровая коммуникация\n\n### Email этикет\n- Четкие темы писем\n- Краткость и структурированность\n- Использование bullet points\n- Четкие call-to-action\n\n### Мгновенные сообщения\n- Статусы доступности\n- Использование каналов по темам\n- Асинхронная vs синхронная коммуникация\n\n### Видеоконференции\n- Проверка технической части заранее\n- Мute по умолчанию\n- Включение камеры для вовлеченности\n- Запись для отсутствующих\n\n## Защита времени от прерываний\n\n### Техники управления прерываниями\n- Назначение office hours для вопросов\n- Использование статусов "не беспокоить"\n- Батчинг похожих коммуникаций\n- Делегирование части коммуникации','\n',char(10)),'https://www.youtube.com/watch?v=8GxznpGPOJs','8GxznpGPOJs',NULL,1,'2025-06-02 09:10:14',NULL);
INSERT INTO learning_materials VALUES(54,'Стресс-менеджмент и work-life баланс','Управление стрессом и поддержание здорового баланса между работой и личной жизнью','VIDEO','TIME_MANAGEMENT','BEGINNER',52,NULL,replace('# Стресс-менеджмент и work-life баланс\n\n## Понимание стресса и его влияния на время\n\n### Типы стресса\n**Эустресс (положительный)**\n- Мотивирует к действию\n- Повышает производительность\n- Краткосрочный эффект\n\n**Дистресс (отрицательный)**\n- Подавляет способности\n- Снижает эффективность\n- Долгосрочные негативные последствия\n\n### Влияние стресса на управление временем\n- Снижение концентрации\n- Прокрастинация и избегание\n- Плохие решения под давлением\n- Физическое и эмоциональное истощение\n\n## Техники управления стрессом\n\n### Физиологические методы\n**Дыхательные техники**\n- Диафрагмальное дыхание 4-7-8\n- Box breathing для быстрого успокоения\n- Coherent breathing для баланса\n\n**Прогрессивная мышечная релаксация**\n- Последовательное напряжение и расслабление мышц\n- Осознание физических проявлений стресса\n- Развитие навыка быстрой релаксации\n\n**Физическая активность**\n- Кардиотренировки для выработки эндорфинов\n- Йога для гибкости и осознанности\n- Прогулки на природе для восстановления\n\n### Когнитивные стратегии\n**Переформулирование ситуаций**\n- Поиск возможностей в проблемах\n- Фокус на контролируемых аспектах\n- Разделение фактов и интерпретаций\n\n**Техника "Worst case scenario"**\n- Планирование для худшего сценария\n- Снижение тревожности через подготовку\n- Понимание, что большинство страхов преувеличены\n\n**Mindfulness и медитация**\n- Осознанное присутствие в моменте\n- Наблюдение мыслей без оценки\n- Регулярная практика для долгосрочных результатов\n\n## Work-life баланс vs Work-life интеграция\n\n### Традиционный баланс\n- Четкое разделение работы и личной жизни\n- Фиксированные границы времени\n- Подходит для структурированных профессий\n\n### Современная интеграция\n- Гибкое смешивание сфер жизни\n- Фокус на энергии, а не времени\n- Адаптация под личные потребности\n\n## Стратегии создания границ\n\n### Временные границы\n**Фиксированное время работы**\n- Четкое начало и конец рабочего дня\n- Ритуалы перехода между сферами\n- Уважение к личному времени\n\n**Технологические границы**\n- Отключение уведомлений после работы\n- Отдельные устройства для работы и личной жизни\n- "Цифровой детокс" в выходные\n\n### Физические границы\n**Рабочее пространство**\n- Отдельная зона для работы дома\n- Организация пространства для фокуса\n- Ритуалы "закрытия офиса"\n\n### Эмоциональные границы\n**Научение говорить "нет"**\n- Оценка запросов на соответствие приоритетам\n- Предложение альтернатив\n- Защита времени для важных целей\n\n## Восстановление и отдых\n\n### Качественный отдых\n**Активное vs пассивное восстановление**\n- Активное: хобби, спорт, социальное общение\n- Пассивное: сон, медитация, отдых на природе\n\n**Микро-перерывы в течение дня**\n- 5-минутные паузы каждый час\n- Смена обстановки и активности\n- Техники быстрого восстановления\n\n### Отпуск и полное отключение\n**Планирование отпуска**\n- Полное делегирование обязанностей\n- Настройка автоответчиков\n- Ментальная подготовка к отключению\n\n**Возвращение после отпуска**\n- Постепенное погружение в работу\n- Анализ накопившихся задач\n- Сохранение отпускных инсайтов\n\n## Признаки выгорания и профилактика\n\n### Симптомы выгорания\n- Хроническая усталость\n- Цинизм и раздражительность\n- Снижение производительности\n- Физические симптомы стресса\n\n### Профилактические меры\n- Регулярная самооценка состояния\n- Поддержка социальных связей\n- Развитие интересов вне работы\n- Профессиональная помощь при необходимости\n\n## Создание персональной системы\n\n### Индивидуальный подход\n- Понимание личных триггеров стресса\n- Выбор подходящих техник восстановления\n- Создание персональных ритуалов\n- Регулярная корректировка системы','\n',char(10)),'https://www.youtube.com/watch?v=gJDbQ3hxnic','gJDbQ3hxnic',NULL,1,'2025-06-02 09:10:14',NULL);
INSERT INTO learning_materials VALUES(55,'Долгосрочное планирование и развитие навыков','Стратегическое планирование карьеры и личностного роста с фокусом на управление временем','VIDEO','TIME_MANAGEMENT','BEGINNER',58,NULL,replace('# Долгосрочное планирование и развитие навыков\n\n## Философия долгосрочного мышления\n\n### Compound Effect\nНебольшие постоянные улучшения дают экспоненциальные результаты со временем. 1% улучшения каждый день = 37x улучшение за год.\n\n### Time Perspective Theory\nЛюди с долгосрочной перспективой:\n- Принимают лучшие решения\n- Более устойчивы к стрессу\n- Достигают больших результатов\n- Лучше управляют временем\n\n## Стратегическое планирование жизни\n\n### Видение и миссия\n**Личная миссия**\n- Четкое понимание своих ценностей\n- Определение жизненной цели\n- Критерии для принятия решений\n\n**10-летнее видение**\n- Представление идеального будущего\n- Ключевые области развития\n- Конкретные достижения\n\n### Планирование по горизонтам\n**Горизонт 1: Текущие приоритеты (1-2 года)**\n- Оптимизация существующих процессов\n- Достижение краткосрочных целей\n- 70% времени и ресурсов\n\n**Горизонт 2: Возникающие возможности (2-5 лет)**\n- Развитие новых навыков\n- Экспериментирование\n- 20% времени и ресурсов\n\n**Горизонт 3: Трансформационные инициативы (5-10 лет)**\n- Радикальные изменения\n- Инновационные проекты\n- 10% времени и ресурсов\n\n## Развитие навыков управления временем\n\n### Модель 70-20-10\n**70% - Обучение через опыт**\n- Challenging assignments\n- Решение сложных проблем\n- Выход из зоны комфорта\n\n**20% - Обучение через других**\n- Менторство и коучинг\n- Наблюдение за экспертами\n- Обратная связь и рефлексия\n\n**10% - Формальное обучение**\n- Курсы и тренинги\n- Чтение и изучение\n- Сертификации\n\n### Deliberate Practice для тайм-менеджмента\n**Принципы осознанной практики:**\n1. Фокус на слабых сторонах\n2. Немедленная обратная связь\n3. Постепенное усложнение\n4. Регулярная практика\n\n**Применение к управлению временем:**\n- Ежедневная рефлексия эффективности\n- Эксперименты с новыми техниками\n- Измерение результатов\n- Корректировка подходов\n\n## Системы личностного развития\n\n### Getting Things Done (GTD) как философия\n**Пять этапов продуктивности:**\n1. **Capture**: Сбор всего в одном месте\n2. **Clarify**: Определение сути и действий\n3. **Organize**: Структурирование по контекстам\n4. **Reflect**: Регулярный обзор системы\n5. **Engage**: Выбор правильных действий\n\n### Создание персональной системы\n**Ключевые компоненты:**\n- Inbox для всех входящих задач\n- Система хранения справочной информации\n- Calendar для назначенных времени событий\n- Next Actions по контекстам\n- Someday/Maybe для будущих идей\n\n## Долгосрочные метрики и KPI\n\n### Ведущие vs отстающие показатели\n**Отстающие показатели** (результаты):\n- Достигнутые цели\n- Завершенные проекты\n- Карьерный рост\n\n**Ведущие показатели** (процесс):\n- Время в состоянии потока\n- Количество выполненных приоритетных задач\n- Часы обучения в неделю\n- Качество планирования\n\n### Персональный dashboard\n**Еженедельные метрики:**\n- Соотношение планового vs фактического времени\n- Процент времени на приоритетных задачах\n- Энергетические уровни\n- Удовлетворенность прогрессом\n\n**Ежемесячные обзоры:**\n- Прогресс по долгосрочным целям\n- Эффективность использованных техник\n- Выявленные паттерны и тренды\n- Корректировка стратегии\n\n## Создание legacy и наставничество\n\n### Передача знаний\n**Документирование процессов:**\n- Личные best practices\n- Lessons learned\n- Шаблоны и чек-листы\n\n**Наставничество других:**\n- Обучение коллег эффективным техникам\n- Создание команды с высокой продуктивностью\n- Влияние на организационную культуру\n\n### Непрерывное совершенствование\n**Принцип Kaizen:**\n- Постоянные небольшие улучшения\n- Эксперименты и итерации\n- Культура обучения на ошибках\n\n**Staying current:**\n- Отслеживание новых методик\n- Участие в профессиональных сообществах\n- Регулярное обновление инструментов\n\n## Интеграция всех аспектов\n\n### Holistic approach\nУправление временем не изолированный навык, а интегральная часть:\n- Лидерских качеств\n- Профессионального мастерства\n- Личностного развития\n- Качества жизни\n\n### Создание персональной системы жизни\nРазработка индивидуального подхода, объединяющего:\n- Ценности и приоритеты\n- Естественные ритмы и предпочтения\n- Профессиональные требования\n- Личные обстоятельства','\n',char(10)),'https://www.youtube.com/watch?v=9vkUIP_EEpQ','9vkUIP_EEpQ',NULL,1,'2025-06-02 09:10:14',NULL);
INSERT INTO learning_materials VALUES(56,'Эмоциональный интеллект в командной работе',NULL,'ARTICLE','EMOTIONAL_INTELLIGENCE','INTERMEDIATE',70,NULL,replace('# Эмоциональный интеллект в командной работе\n\n## Цель урока\nИзучить применение навыков эмоционального интеллекта для эффективной командной работы и создания позитивной рабочей атмосферы.\n\n## Основные темы\n\n### 1. Роль EQ в команде\n- Влияние эмоций на командную динамику\n- Создание психологической безопасности\n- Управление групповыми эмоциями\n\n### 2. Эмоциональные роли в команде\n- Эмоциональный лидер команды\n- Медиатор конфликтов\n- Мотиватор и вдохновитель\n\n### 3. Коллективный эмоциональный интеллект\n- Нормы эмоционального взаимодействия\n- Групповая эмпатия\n- Совместное решение проблем\n\n### 4. Управление конфликтами\n- Эмоциональные триггеры в команде\n- Техники деэскалации\n- Превращение конфликта в возможность\n\n## Практические техники\n\n### Техника "Эмоциональный барометр команды"\n1. Ежедневная проверка эмоционального состояния\n2. Открытое обсуждение чувств\n3. Корректировка командной работы\n\n### Метод "Эмоциональная перспектива"\n1. Рассмотрение ситуации с точки зрения каждого участника\n2. Поиск общих эмоциональных потребностей\n3. Выработка компромиссных решений\n\n## Заключение\nЭмоциональный интеллект команды создает синергетический эффект, где общий результат превышает сумму индивидуальных усилий.','\n',char(10)),'https://www.youtube.com/watch?v=6tG1Ly5XBS8','6tG1Ly5XBS8',NULL,0,'2025-06-02 09:15:38',NULL);
INSERT INTO learning_materials VALUES(57,'Стрессоустойчивость и эмоциональная выносливость',NULL,'ARTICLE','EMOTIONAL_INTELLIGENCE','INTERMEDIATE',75,NULL,replace('# Стрессоустойчивость и эмоциональная выносливость\n\n## Цель урока\nРазвить навыки управления стрессом и повышения эмоциональной выносливости в профессиональной деятельности.\n\n## Основные темы\n\n### 1. Понимание стресса\n- Физиология стресса\n- Положительный vs деструктивный стресс\n- Индивидуальные стрессоры\n\n### 2. Эмоциональная выносливость\n- Компоненты эмоциональной выносливости\n- Ресурсы восстановления\n- Профилактика эмоционального выгорания\n\n### 3. Стратегии управления стрессом\n- Когнитивные техники\n- Физиологические методы\n- Поведенческие стратегии\n\n### 4. Восстановление после стресса\n- Эмоциональная регенерация\n- Техники быстрого восстановления\n- Планирование отдыха\n\n## Практические техники\n\n### Техника "4-7-8" (дыхательная)\n1. Вдох на 4 счета\n2. Задержка на 7 счетов\n3. Выдох на 8 счетов\n4. Повторить 4 цикла\n\n### Метод "Эмоциональная перезагрузка"\n1. Остановка и осознание стресса\n2. Глубокое дыхание\n3. Переформулирование ситуации\n4. Выбор конструктивного действия\n\n### Техника "Энергетический аудит"\n1. Определение источников энергии\n2. Выявление "энергетических вампиров"\n3. Планирование восстановления\n\n## Долгосрочные стратегии\n- Регулярные практики осознанности\n- Физическая активность\n- Социальная поддержка\n- Хобби и творчество\n\n## Заключение\nЭмоциональная выносливость - это навык, который можно развивать. Регулярная практика и осознанный подход помогают создать устойчивость к стрессам.','\n',char(10)),'https://www.youtube.com/watch?v=JhKrwT2Kpjc','JhKrwT2Kpjc',NULL,0,'2025-06-02 09:15:38',NULL);
INSERT INTO learning_materials VALUES(58,'Эмоциональное лидерство и влияние',NULL,'ARTICLE','EMOTIONAL_INTELLIGENCE','INTERMEDIATE',80,NULL,replace('# Эмоциональное лидерство и влияние\n\n## Цель урока\nИзучить принципы эмоционального лидерства и методы позитивного влияния на окружающих через управление эмоциями.\n\n## Основные темы\n\n### 1. Эмоциональное лидерство\n- Определение эмоционального лидера\n- Отличия от традиционного лидерства\n- Влияние на результативность команды\n\n### 2. Модель эмоционального влияния\n- Резонансное лидерство\n- Эмоциональное заражение\n- Создание вдохновляющей атмосферы\n\n### 3. Стили эмоционального лидерства\n- Визионерский стиль\n- Коучинговый подход\n- Демократичное лидерство\n- Лидер-миротворец\n\n### 4. Управление эмоциональным климатом\n- Диагностика эмоционального состояния группы\n- Инструменты изменения атмосферы\n- Поддержание позитивного настроя\n\n## Практические инструменты\n\n### Техника "Эмоциональный камертон"\n1. Настройка на эмоциональную волну группы\n2. Постепенное смещение к желаемому состоянию\n3. Закрепление нового эмоционального тона\n\n### Модель "INSPIRE"\n- **I**dentify (определить текущие эмоции)\n- **N**avigate (направить в нужное русло)\n- **S**upport (поддержать участников)\n- **P**articipate (активно участвовать)\n- **I**nvigorate (вдохновить на действия)\n- **R**ecognize (признать достижения)\n- **E**valuate (оценить результат)\n\n### Техника "Эмоциональное моделирование"\n1. Демонстрация желаемых эмоций\n2. Объяснение их значимости\n3. Поощрение подражания\n4. Поддержание нового поведения\n\n## Этика эмоционального влияния\n- Честность намерений\n- Уважение к автономии других\n- Развитие, а не манипулирование\n- Взаимная польза\n\n## Заключение\nЭмоциональное лидерство - это искусство создания среды, где люди могут проявить свой лучший потенциал через позитивные эмоциональные состояния.','\n',char(10)),'https://www.youtube.com/watch?v=HN4HQGuz0GQ','HN4HQGuz0GQ',NULL,0,'2025-06-02 09:15:38',NULL);
INSERT INTO learning_materials VALUES(59,'Цифровой эмоциональный интеллект',NULL,'ARTICLE','EMOTIONAL_INTELLIGENCE','INTERMEDIATE',65,NULL,replace('# Цифровой эмоциональный интеллект\n\n## Цель урока\nОсвоить навыки эмоционального интеллекта в цифровой среде и виртуальном взаимодействии.\n\n## Основные темы\n\n### 1. Особенности цифрового общения\n- Потеря невербальных сигналов\n- Эмоциональная амбивалентность текста\n- Скорость и объем коммуникаций\n\n### 2. Эмоциональные вызовы цифровой эпохи\n- Информационная перегрузка\n- Социальные сети и сравнение\n- Цифровое выгорание\n\n### 3. Инструменты цифрового EQ\n- Эмоциональная разметка сообщений\n- Паузы перед отправкой\n- Виртуальная эмпатия\n\n### 4. Управление онлайн-репутацией\n- Эмоциональный след в интернете\n- Профессиональный имидж\n- Кризис-менеджмент в соцсетях\n\n## Практические стратегии\n\n### Техника "Цифровая пауза"\n1. Написать сообщение\n2. Сохранить в черновиках\n3. Подождать 10 минут\n4. Перечитать и отредактировать\n5. Отправить осознанно\n\n### Правило "3С" для email\n- **С**ясность: четко выражать мысли\n- **С**ердечность: добавлять эмоциональную теплоту\n- **С**жатость: быть лаконичным\n\n### Метод "Эмоциональных смайлов"\n- Использование эмодзи для передачи эмоций\n- Адаптация к корпоративной культуре\n- Баланс между профессионализмом и человечностью\n\n## Виртуальное лидерство\n- Создание эмоциональной связи онлайн\n- Управление удаленными командами\n- Мотивация через экран\n\n## Цифровая детоксикация\n- Планирование офлайн-времени\n- Осознанное потребление контента\n- Восстановление реальных связей\n\n## Заключение\nЦифровой эмоциональный интеллект становится критически важным навыком в современном мире, требующим адаптации традиционных EQ-навыков к новой реальности.','\n',char(10)),'https://www.youtube.com/watch?v=C_NJT_KtTPY','C_NJT_KtTPY',NULL,0,'2025-06-02 09:15:38',NULL);
INSERT INTO learning_materials VALUES(60,'Интеграция и развитие эмоционального интеллекта',NULL,'ARTICLE','EMOTIONAL_INTELLIGENCE','INTERMEDIATE',85,NULL,replace('# Интеграция и развитие эмоционального интеллекта\n\n## Цель урока\nСоздать персональный план развития эмоционального интеллекта и интегрировать все изученные навыки в повседневную профессиональную деятельность.\n\n## Основные темы\n\n### 1. Комплексная модель EQ\n- Интеграция всех компонентов\n- Синергия навыков\n- Системный подход к развитию\n\n### 2. Персональная оценка EQ\n- Диагностические инструменты\n- 360-градусная обратная связь\n- Самоанализ и рефлексия\n\n### 3. План развития EQ\n- SMART-цели для эмоционального роста\n- Этапы развития\n- Метрики прогресса\n\n### 4. Поддерживающая среда\n- Создание EQ-культуры\n- Ментoring и коучинг\n- Обучающиеся организации\n\n## Диагностические инструменты\n\n### EQ-360 Assessment\n1. Самооценка по 4 доменам EQ\n2. Оценка коллегами и подчиненными\n3. Сравнительный анализ восприятия\n4. Выявление слепых зон\n\n### Техника "Эмоциональный дневник"\n- Ежедневные записи о эмоциональных событиях\n- Анализ триггеров и паттернов\n- Отслеживание прогресса\n\n### Модель развития "GROW EQ"\n- **G**oal (цель): что хочу развить в EQ\n- **R**eality (реальность): текущий уровень\n- **O**ptions (варианты): способы развития\n- **W**ay forward (путь): конкретные шаги\n\n## Персональный план развития\n\n### Этап 1: Основы (1-3 месяца)\n- Развитие самосознания\n- Базовые техники саморегуляции\n- Улучшение эмпатии\n\n### Этап 2: Применение (3-6 месяцев)\n- Интеграция в рабочие процессы\n- Развитие социальных навыков\n- Практика в сложных ситуациях\n\n### Этап 3: Мастерство (6-12 месяцев)\n- Эмоциональное лидерство\n- Обучение других\n- Создание EQ-культуры\n\n## Поддержание мотивации\n- Празднование маленьких побед\n- Поиск единомышленников\n- Регулярная обратная связь\n\n## Измерение результатов\n- Количественные метрики (опросы, тесты)\n- Качественные показатели (истории успеха)\n- Долгосрочные изменения в карьере\n\n## Заключение курса\nЭмоциональный интеллект - это не пункт назначения, а путешествие длиною в жизнь. Постоянное развитие и практика приводят к профессиональному и личностному росту.\n\n## Ресурсы для дальнейшего развития\n- Рекомендуемая литература\n- Онлайн-курсы и тренинги\n- Профессиональные сообщества\n- Приложения для развития EQ','\n',char(10)),'https://www.youtube.com/watch?v=lk_hEN8pWE0','lk_hEN8pWE0',NULL,0,'2025-06-02 09:15:38',NULL);
INSERT INTO learning_materials VALUES(61,'Основы критического мышления',NULL,'VIDEO','PROBLEM_SOLVING','INTERMEDIATE',60,NULL,replace('# Основы критического мышления\n\n## Цель урока\nОсвоить фундаментальные принципы критического мышления и научиться анализировать информацию объективно.\n\n## Что такое критическое мышление\nКритическое мышление — это способность анализировать информацию, делать обоснованные выводы и принимать взвешенные решения.\n\n### Ключевые навыки:\n- **Анализ** — разбор информации на составляющие\n- **Оценка** — определение достоверности и значимости\n- **Синтез** — объединение фактов в логичные выводы\n- **Интерпретация** — понимание смысла и контекста\n\n## Барьеры критического мышления\n\n### 1. Когнитивные искажения\n- Предвзятость подтверждения\n- Эффект якорения\n- Поспешные обобщения\n\n### 2. Эмоциональные блоки\n- Страх ошибиться\n- Стремление к комфорту\n- Групповое мышление\n\n## Модель критического мышления "CLEAR"\n- **C**laim (Утверждение) — что утверждается?\n- **L**ogic (Логика) — логично ли рассуждение?\n- **E**vidence (Доказательства) — есть ли подтверждения?\n- **A**ssumptions (Предположения) — какие допущения сделаны?\n- **R**elevance (Релевантность) — относится ли к делу?','\n',char(10)),'https://www.youtube.com/watch?v=Fa5512cDROk','Fa5512cDROk',NULL,0,'2025-06-02 09:25:38',NULL);
INSERT INTO learning_materials VALUES(62,'Структурированный подход к решению проблем',NULL,'VIDEO','PROBLEM_SOLVING','INTERMEDIATE',65,NULL,replace('# Структурированный подход к решению проблем\n\n## Цель урока\nИзучить системные методы решения проблем и научиться применять структурированный подход.\n\n## Модель решения проблем "PDCA"\n### Plan (Планирование)\n1. Определение проблемы\n2. Анализ причин\n3. Выбор решения\n4. Планирование внедрения\n\n### Do (Выполнение)\n- Реализация плана\n- Сбор данных\n\n### Check (Проверка)\n- Анализ результатов\n- Сравнение с ожиданиями\n\n### Act (Действие)\n- Стандартизация решения\n- Или возврат к планированию\n\n## Техника "5 почему"\nПоследовательное задавание вопроса "Почему?" для выявления корневой причины:\n1. Почему произошла проблема?\n2. Почему это случилось?\n3. Почему...? (и так далее)\n\n## Диаграмма Исикавы (Fishbone)\nАнализ причин по категориям:\n- **Люди** — квалификация, мотивация\n- **Процессы** — методы, процедуры\n- **Материалы** — качество, доступность\n- **Машины** — оборудование, инструменты\n- **Методы** — технологии, подходы\n- **Среда** — условия работы','\n',char(10)),'https://www.youtube.com/watch?v=lhhmIfRPuIg','lhhmIfRPuIg',NULL,0,'2025-06-02 09:25:38',NULL);
INSERT INTO learning_materials VALUES(63,'Креативные методы генерации идей',NULL,'VIDEO','PROBLEM_SOLVING','INTERMEDIATE',55,NULL,replace('# Креативные методы генерации идей\n\n## Цель урока\nОсвоить техники креативного мышления для поиска нестандартных решений.\n\n## Мозговой штурм 2.0\n### Правила:\n1. Отсрочка критики\n2. Стремление к количеству\n3. Развитие чужих идей\n4. Поощрение "диких" идей\n\n### Вариации:\n- **Обратный мозговой штурм** — как НЕ решить проблему\n- **6-3-5** — 6 человек, 3 идеи, 5 минут\n- **Номинальная групповая техника**\n\n## Метод SCAMPER\n- **S**ubstitute — что заменить?\n- **C**ombine — что объединить?\n- **A**dapt — что адаптировать?\n- **M**odify — что изменить?\n- **P**ut to other uses — как использовать по-другому?\n- **E**liminate — что убрать?\n- **R**everse — что обратить?\n\n## Латеральное мышление\nТехники Эдварда де Боно:\n- **Случайное слово** — генерация идей через случайные ассоциации\n- **Провокация** — "А что если...?"\n- **Альтернативы** — поиск других способов\n\n## Метод Уолта Диснея\nТри роли:\n1. **Мечтатель** — генерирует идеи без ограничений\n2. **Реалист** — оценивает практичность\n3. **Критик** — выявляет проблемы','\n',char(10)),'https://www.youtube.com/watch?v=OWLbSxwPHhQ','OWLbSxwPHhQ',NULL,0,'2025-06-02 09:25:38',NULL);
INSERT INTO learning_materials VALUES(64,'Принятие решений в условиях неопределенности',NULL,'VIDEO','PROBLEM_SOLVING','INTERMEDIATE',70,NULL,replace('# Принятие решений в условиях неопределенности\n\n## Цель урока\nНаучиться принимать качественные решения даже при недостатке информации.\n\n## Типы неопределенности\n### 1. Риск\nИзвестны вероятности исходов\n\n### 2. Неопределенность\nНеизвестны вероятности\n\n### 3. Невежество\nНеизвестны даже возможные исходы\n\n## Матрица решений\n| Критерий | Альтернатива 1 | Альтернатива 2 | Альтернатива 3 |\n|----------|----------------|----------------|----------------|\n| Стоимость| 8              | 6              | 7              |\n| Время    | 7              | 9              | 8              |\n| Качество | 9              | 7              | 8              |\n\n## Методы принятия решений\n\n### 1. Метод весовых коэффициентов\n- Определение важности критериев\n- Оценка альтернатив по каждому критерию\n- Расчет взвешенных оценок\n\n### 2. Анализ чувствительности\nПроверка стабильности решения при изменении параметров\n\n### 3. Дерево решений\nВизуализация последовательности решений и их последствий\n\n## Правило 10-10-10\nКак я буду относиться к этому решению через:\n- 10 минут?\n- 10 месяцев?\n- 10 лет?\n\n## Принцип минимального сожаления\nВыбор решения, которое минимизирует максимальное сожаление','\n',char(10)),'https://www.youtube.com/watch?v=F4OgfA12RXg','F4OgfA12RXg',NULL,0,'2025-06-02 09:25:38',NULL);
INSERT INTO learning_materials VALUES(65,'Анализ данных и доказательства',NULL,'VIDEO','PROBLEM_SOLVING','INTERMEDIATE',60,NULL,replace('# Анализ данных и доказательства\n\n## Цель урока\nНаучиться работать с данными, оценивать качество доказательств и избегать манипуляций.\n\n## Типы доказательств\n### 1. По силе\n- **Прямые** — непосредственно подтверждают утверждение\n- **Косвенные** — подтверждают через логические связи\n- **Отсутствующие** — важность того, чего нет\n\n### 2. По источнику\n- **Первичные** — оригинальные исследования\n- **Вторичные** — анализ первичных данных\n- **Экспертные мнения**\n\n## Оценка качества данных\n### Критерии CRAAP\n- **C**urrency — актуальность\n- **R**elevance — релевантность\n- **A**uthority — авторитетность источника\n- **A**ccuracy — точность\n- **P**urpose — цель публикации\n\n## Статистические ловушки\n### 1. Корреляция vs причинность\nСвязь не означает причину\n\n### 2. Селективная выборка\nПредставление только части данных\n\n### 3. Базовая ошибка\nИгнорирование базовых вероятностей\n\n### 4. Средние значения\nМогут скрывать важные детали\n\n## Визуализация данных\n### Эффективные графики:\n- Столбчатые диаграммы для сравнения\n- Линейные графики для трендов\n- Круговые диаграммы для долей (до 5 сегментов)\n\n### Манипулятивная визуализация:\n- Обрезанные оси\n- Неподходящий масштаб\n- 3D-эффекты без необходимости','\n',char(10)),'https://www.youtube.com/watch?v=Foswckom4mc','Foswckom4mc',NULL,0,'2025-06-02 09:25:38',NULL);
INSERT INTO learning_materials VALUES(66,'Системное мышление',NULL,'VIDEO','PROBLEM_SOLVING','INTERMEDIATE',65,NULL,replace('# Системное мышление\n\n## Цель урока\nРазвить способность видеть взаимосвязи и понимать системы как единое целое.\n\n## Принципы системного мышления\n\n### 1. Холистический подход\nСистема больше суммы своих частей\n\n### 2. Взаимосвязанность\nИзменение одного элемента влияет на всю систему\n\n### 3. Цель системы\nУ каждой системы есть назначение\n\n### 4. Структура определяет поведение\nИзменение структуры меняет результаты\n\n## Системные архетипы\n\n### 1. Пределы роста\nБыстрый рост → ограничивающий фактор → замедление\n\n### 2. Перенос бремени\nСимптоматическое решение → ослабление способности к фундаментальному решению\n\n### 3. Трагедия общих ресурсов\nИндивидуальная выгода → истощение общего ресурса\n\n## Инструменты системного анализа\n\n### 1. Диаграмма петель причинности\nВизуализация причинно-следственных связей:\n- **R** — усиливающие петли (рост)\n- **B** — балансирующие петли (стабилизация)\n\n### 2. Богатые картинки\nНеформальное изображение ситуации со всеми участниками и связями\n\n### 3. Iceberg Model\n- **События** — что произошло?\n- **Паттерны** — какие тренды?\n- **Структуры** — что влияет на паттерны?\n- **Ментальные модели** — какие убеждения создают структуры?\n\n## Рычаги воздействия\nПо возрастанию эффективности:\n1. Константы, числа\n2. Материальные потоки\n3. Правила системы\n4. Распределение власти\n5. Цели системы\n6. Парадигма системы','\n',char(10)),'https://www.youtube.com/watch?v=Inlq08Cfhh0','Inlq08Cfhh0',NULL,0,'2025-06-02 09:25:38',NULL);
INSERT INTO learning_materials VALUES(67,'Работа с противоположными мнениями',NULL,'VIDEO','PROBLEM_SOLVING','INTERMEDIATE',55,NULL,replace('# Работа с противоположными мнениями\n\n## Цель урока\nНаучиться конструктивно работать с разногласиями и использовать их для улучшения решений.\n\n## Ценность разногласий\n### Преимущества:\n- Выявление слабых мест\n- Генерация новых идей\n- Избежание группового мышления\n- Повышение качества решений\n\n## Техника "Адвокат дьявола"\nСпециально назначенная роль для критики идей:\n1. Выявление предположений\n2. Поиск контраргументов\n3. Проверка логики\n4. Поиск альтернатив\n\n## Метод "За и против"\n### Структурированный анализ:\n1. Список аргументов "за"\n2. Список аргументов "против"\n3. Оценка силы каждого аргумента\n4. Поиск компромиссов\n\n## Диалектическое мышление\n### Триада Гегеля:\n- **Тезис** — исходное утверждение\n- **Антитезис** — противоположное мнение\n- **Синтез** — объединение лучшего из обеих позиций\n\n## Активное слушание оппонентов\n### Техники:\n1. **Парафразирование** — "Правильно ли я понимаю..."\n2. **Уточняющие вопросы** — "Что вы имеете в виду под..."\n3. **Эмпатическое отражение** — "Вы чувствуете..."\n\n## Поиск общих точек\n1. Общие цели\n2. Разделяемые ценности\n3. Признанные факты\n4. Области согласия\n\n## Конструктивная конфронтация\n- Фокус на идеях, не на личностях\n- Использование фактов\n- Открытость к изменению мнения\n- Поиск win-win решений','\n',char(10)),'https://www.youtube.com/watch?v=XDV5nGOsXDU','XDV5nGOsXDU',NULL,0,'2025-06-02 09:25:38',NULL);
INSERT INTO learning_materials VALUES(68,'Инновационное решение проблем',NULL,'VIDEO','PROBLEM_SOLVING','INTERMEDIATE',70,NULL,replace('# Инновационное решение проблем\n\n## Цель урока\nОсвоить передовые методы поиска прорывных решений и инноваций.\n\n## ТРИЗ (Теория решения изобретательских задач)\n### Принципы:\n1. Техническая система развивается по объективным законам\n2. Развитие идет в направлении повышения идеальности\n3. Развитие неравномерно\n4. Изобретательские задачи и их решения имеют типы\n\n### 40 принципов ТРИЗ (примеры):\n- **Дробление** — разделить объект на части\n- **Вынесение** — отделить мешающую часть\n- **Динамичность** — сделать объект адаптивным\n- **Обратить вред в пользу**\n\n## Design Thinking\n### 5 этапов:\n1. **Эмпатия** — понимание пользователей\n2. **Формулировка** — определение проблемы\n3. **Идеация** — генерация идей\n4. **Прототипирование** — создание MVP\n5. **Тестирование** — проверка с пользователями\n\n## Метод синектики\n### Типы аналогий:\n- **Прямая** — как это решается в природе/технике?\n- **Личная** — если бы я был этим объектом?\n- **Символическая** — краткая метафора\n- **Фантастическая** — как бы это решили волшебники?\n\n## Blue Ocean Strategy\n### Поиск новых рынков:\n- **Исключить** — какие факторы убрать?\n- **Снизить** — что уменьшить?\n- **Повысить** — что усилить?\n- **Создать** — что добавить нового?\n\n## Подрывные инновации\n### Характеристики:\n1. Начинаются в нишевых сегментах\n2. Проще и дешевле существующих решений\n3. Со временем улучшаются\n4. Вытесняют традиционные решения','\n',char(10)),'https://www.youtube.com/watch?v=0Z_9gt_q6NE','0Z_9gt_q6NE',NULL,0,'2025-06-02 09:25:38',NULL);
INSERT INTO learning_materials VALUES(69,'Практическое применение и интеграция навыков',NULL,'VIDEO','PROBLEM_SOLVING','INTERMEDIATE',75,NULL,replace('# Практическое применение и интеграция навыков\n\n## Цель урока\nИнтегрировать все изученные методы в комплексный подход к решению проблем.\n\n## Интегрированная модель решения проблем\n\n### Этап 1: Диагностика (Критическое мышление)\n- Анализ ситуации\n- Выявление истинной проблемы\n- Сбор и оценка данных\n\n### Этап 2: Генерация (Креативные методы)\n- Мозговой штурм\n- SCAMPER\n- Латеральное мышление\n\n### Этап 3: Анализ (Системное мышление)\n- Рассмотрение взаимосвязей\n- Оценка последствий\n- Поиск рычагов воздействия\n\n### Этап 4: Принятие решения (Структурированный подход)\n- Матрица решений\n- Анализ рисков\n- Проверка альтернатив\n\n### Этап 5: Реализация (Управление изменениями)\n- Планирование внедрения\n- Работа с сопротивлением\n- Мониторинг результатов\n\n## Персональный набор инструментов\n### Создайте свой toolkit:\n1. **Для анализа проблем** — любимые техники диагностики\n2. **Для генерации идей** — предпочитаемые креативные методы\n3. **Для принятия решений** — проверенные подходы\n4. **Для реализации** — эффективные стратегии внедрения\n\n## Развитие навыков решения проблем\n### Регулярные практики:\n- **Ежедневно** — задавать уточняющие вопросы\n- **Еженедельно** — анализировать одну проблему системно\n- **Ежемесячно** — применять новый метод\n- **Ежеквартально** — оценивать эффективность подходов\n\n## Ментальные модели\n### Полезные фреймворки:\n- **First Principles** — разложение на основы\n- **Inversion** — мышление от противного\n- **Circle of Competence** — знание границ экспертизы\n- **Mental Models Checklist** — список для проверки мышления\n\n## Создание культуры решения проблем\n### В команде:\n1. Поощрение вопросов\n2. Принятие ошибок как обучения\n3. Документирование решений\n4. Обмен лучшими практиками','\n',char(10)),'https://www.youtube.com/watch?v=bb_OLMxBSfk','bb_OLMxBSfk',NULL,0,'2025-06-02 09:25:38',NULL);
INSERT INTO learning_materials VALUES(70,'Основы эффективной командной работы',NULL,'VIDEO','TEAMWORK','BEGINNER',50,NULL,replace('# Основы эффективной командной работы\n\n## Цель урока\nПонять принципы создания и функционирования высокопроизводительных команд.\n\n## Что такое команда?\nКоманда — это группа людей с взаимодополняющими навыками, объединенных общей целью и несущих взаимную ответственность за результат.\n\n### Отличия команды от группы:\n- **Общая цель** vs индивидуальные задачи\n- **Взаимозависимость** vs независимость\n- **Коллективная ответственность** vs индивидуальная\n- **Синергия** vs сумма усилий\n\n## Стадии развития команды (Такман)\n### 1. Формирование (Forming)\n- Знакомство участников\n- Неопределенность ролей\n- Зависимость от лидера\n\n### 2. Штормование (Storming)\n- Конфликты и разногласия\n- Борьба за лидерство\n- Сопротивление задачам\n\n### 3. Нормирование (Norming)\n- Выработка правил\n- Укрепление сплоченности\n- Распределение ролей\n\n### 4. Выполнение (Performing)\n- Высокая производительность\n- Автономность\n- Взаимная поддержка\n\n### 5. Расформирование (Adjourning)\n- Завершение проекта\n- Рефлексия опыта\n- Эмоциональное завершение\n\n## Характеристики эффективных команд\n- **Психологическая безопасность**\n- **Ясность целей и ролей**\n- **Доверие и открытость**\n- **Эффективная коммуникация**\n- **Навыки решения конфликтов**','\n',char(10)),'https://www.youtube.com/watch?v=cklqtXopXGI','cklqtXopXGI',NULL,0,'2025-06-02 09:27:50',NULL);
INSERT INTO learning_materials VALUES(71,'Роли в команде и их динамика',NULL,'VIDEO','TEAMWORK','BEGINNER',55,NULL,replace('# Роли в команде и их динамика\n\n## Цель урока\nИзучить различные командные роли и научиться эффективно взаимодействовать в многообразной команде.\n\n## Командные роли по Белбину\n\n### Роли, ориентированные на действие:\n- **Исполнитель** — надежный, дисциплинированный\n- **Завершитель** — тщательный, добросовестный\n- **Формирователь** — энергичный, бросает вызов\n\n### Роли, ориентированные на людей:\n- **Координатор** — зрелый, уверенный, хороший председатель\n- **Работник команды** — миротворец, дипломат\n- **Исследователь ресурсов** — экстравертный, коммуникабельный\n\n### Роли, ориентированные на мышление:\n- **Мыслитель** — творческий, неординарный\n- **Аналитик** — рассудительный, стратегически мыслящий\n- **Специалист** — целеустремленный, преданный делу\n\n## Баланс ролей в команде\n### Оптимальная команда включает:\n- Разнообразие ролей\n- Покрытие всех ключевых функций\n- Минимальное дублирование\n- Компенсацию слабых сторон\n\n## Адаптация стиля взаимодействия\n### В зависимости от роли партнера:\n- **С исполнителями** — четкие инструкции\n- **С мыслителями** — время на размышления\n- **С работниками команды** — эмоциональная поддержка\n- **С формирователями** — конструктивные дискуссии\n\n## Развитие гибкости ролей\n- Осознание своей естественной роли\n- Развитие дополнительных ролей\n- Адаптация к потребностям команды\n- Временное принятие нужных ролей','\n',char(10)),'https://www.youtube.com/watch?v=QXIzhKKTLdE','QXIzhKKTLdE',NULL,0,'2025-06-02 09:27:50',NULL);
INSERT INTO learning_materials VALUES(72,'Построение доверия в команде',NULL,'VIDEO','TEAMWORK','BEGINNER',60,NULL,replace('# Построение доверия в команде\n\n## Цель урока\nИзучить механизмы формирования доверия и научиться создавать атмосферу взаимного уважения.\n\n## Пирамида доверия (Ленсиони)\n### Уровень 1: Уязвимость\n- Признание ошибок\n- Просьба о помощи\n- Открытость к критике\n\n### Уровень 2: Конструктивный конфликт\n- Открытые дискуссии\n- Выражение несогласия\n- Фокус на идеях, не на личностях\n\n### Уровень 3: Приверженность\n- Активное участие в решениях\n- Поддержка командных решений\n- Четкость в обязательствах\n\n### Уровень 4: Подотчетность\n- Взаимный контроль\n- Прямые разговоры о проблемах\n- Высокие стандарты\n\n### Уровень 5: Результат\n- Фокус на командных целях\n- Готовность жертвовать личными интересами\n- Гордость за командные достижения\n\n## Компоненты доверия\n### Компетентность\n- Профессиональные навыки\n- Надежность в выполнении\n- Качество работы\n\n### Характер\n- Честность и интегритет\n- Последовательность действий\n- Искренние намерения\n\n### Забота\n- Интерес к благополучию других\n- Эмпатия и понимание\n- Готовность помочь\n\n## Действия для построения доверия\n### Личный уровень:\n- Держать обещания\n- Признавать ошибки\n- Быть предсказуемым\n- Проявлять искренний интерес\n\n### Командный уровень:\n- Прозрачная коммуникация\n- Справедливое распределение ресурсов\n- Последовательные стандарты\n- Празднование успехов','\n',char(10)),'https://www.youtube.com/watch?v=YVxBlWs4-5M','YVxBlWs4-5M',NULL,0,'2025-06-02 09:27:50',NULL);
INSERT INTO learning_materials VALUES(73,'Эффективная коммуникация в команде',NULL,'VIDEO','TEAMWORK','BEGINNER',65,NULL,replace('# Эффективная коммуникация в команде\n\n## Цель урока\nОсвоить техники командной коммуникации и создать систему обмена информацией.\n\n## Принципы командной коммуникации\n### 1. Открытость и прозрачность\n- Своевременное информирование\n- Доступность информации\n- Честность в сообщениях\n\n### 2. Активное слушание\n- Полное внимание к говорящему\n- Уточняющие вопросы\n- Подтверждение понимания\n\n### 3. Конструктивная обратная связь\n- Специфичность и своевременность\n- Фокус на поведении, не на личности\n- Баланс между похвалой и критикой\n\n## Модель эффективного общения\n### 1. Подготовка\n- Четкая цель сообщения\n- Анализ аудитории\n- Выбор подходящего канала\n\n### 2. Передача\n- Ясность и краткость\n- Соответствующий тон\n- Невербальные сигналы\n\n### 3. Проверка понимания\n- Вопросы для уточнения\n- Парафразирование\n- Подтверждение договоренностей\n\n## Инструменты командной коммуникации\n### Синхронная коммуникация:\n- Встречи и совещания\n- Видеоконференции\n- Мгновенные сообщения\n\n### Асинхронная коммуникация:\n- Email и документы\n- Системы управления проектами\n- Общие рабочие пространства\n\n## Управление конфликтами в коммуникации\n### Техника "Я-сообщений":\n1. Описание ситуации\n2. Выражение чувств\n3. Объяснение влияния\n4. Просьба об изменении\n\n### Метод "ЛИФТ":\n- **Л**истенинг — слушание\n- **И**нтересы — выявление потребностей\n- **Ф**акты — объективная информация\n- **Т**ворчество — поиск решений','\n',char(10)),'https://www.youtube.com/watch?v=47I0C9ZrMA4','47I0C9ZrMA4',NULL,0,'2025-06-02 09:27:50',NULL);
INSERT INTO learning_materials VALUES(74,'Коллективное принятие решений',NULL,'VIDEO','TEAMWORK','BEGINNER',55,NULL,replace('# Коллективное принятие решений\n\n## Цель урока\nНаучиться эффективно принимать решения в команде и достигать консенсуса.\n\n## Методы командного принятия решений\n\n### 1. Консенсус\n**Плюсы:** Высокая поддержка, качественные решения\n**Минусы:** Медленный процесс, возможная размытость\n\n### 2. Большинство голосов\n**Плюсы:** Быстро и демократично\n**Минусы:** Может создать "проигравших"\n\n### 3. Делегирование эксперту\n**Плюсы:** Использование экспертизы\n**Минусы:** Меньшая вовлеченность команды\n\n### 4. Авторитарное решение\n**Плюсы:** Быстрота в критических ситуациях\n**Минусы:** Низкая поддержка команды\n\n## Процесс достижения консенсуса\n### Этап 1: Определение проблемы\n- Четкая формулировка вопроса\n- Понимание контекста\n- Определение критериев решения\n\n### Этап 2: Генерация вариантов\n- Мозговой штурм\n- Анализ альтернатив\n- Творческие подходы\n\n### Этап 3: Обсуждение\n- Открытый диалог\n- Выявление за и против\n- Уточнение позиций\n\n### Этап 4: Конвергенция\n- Поиск общих точек\n- Компромиссы\n- Модификация предложений\n\n### Этап 5: Принятие решения\n- Проверка согласия всех\n- Формулировка решения\n- План реализации\n\n## Техники фасилитации\n### Метод "Кулак - пять пальцев":\n- 5 пальцев — полная поддержка\n- 4 пальца — поддерживаю\n- 3 пальца — могу жить с этим\n- 2 пальца — есть сомнения\n- 1 палец — серьезные возражения\n- Кулак — блокирую решение\n\n### Техника "Дот-вотинг":\nКаждый участник получает точки для голосования за предпочтительные варианты','\n',char(10)),'https://www.youtube.com/watch?v=MhNMb_W481g','MhNMb_W481g',NULL,0,'2025-06-02 09:27:50',NULL);
INSERT INTO learning_materials VALUES(75,'Управление конфликтами в команде',NULL,'VIDEO','TEAMWORK','BEGINNER',70,NULL,replace('# Управление конфликтами в команде\n\n## Цель урока\nОсвоить навыки предотвращения, управления и разрешения командных конфликтов.\n\n## Типы командных конфликтов\n### 1. Конфликт задач\n- Разногласия по целям и стратегиям\n- Может быть полезен для поиска лучших решений\n\n### 2. Процессный конфликт\n- Разногласия о том, как выполнять работу\n- Требует четких процедур\n\n### 3. Межличностный конфликт\n- Личная неприязнь\n- Деструктивен для команды\n\n## Стили управления конфликтами\n### 1. Конкуренция (Win-Lose)\n- Настаивание на своем\n- Подходит в кризисных ситуациях\n\n### 2. Приспособление (Lose-Win)\n- Уступка другой стороне\n- Полезно для сохранения отношений\n\n### 3. Избегание (Lose-Lose)\n- Игнорирование конфликта\n- Временная мера\n\n### 4. Компромисс (Lose-Lose)\n- Взаимные уступки\n- Быстрое решение\n\n### 5. Сотрудничество (Win-Win)\n- Поиск взаимовыгодного решения\n- Наилучший долгосрочный подход\n\n## Процесс разрешения конфликтов\n### 1. Диагностика\n- Выявление истинных причин\n- Анализ позиций и интересов\n- Оценка эмоционального состояния\n\n### 2. Деэскалация\n- Снижение эмоционального напряжения\n- Создание безопасной атмосферы\n- Установление правил диалога\n\n### 3. Переговоры\n- Активное слушание всех сторон\n- Фокус на интересах, не позициях\n- Генерация вариантов решения\n\n### 4. Соглашение\n- Четкие договоренности\n- Взаимные обязательства\n- План реализации\n\n## Роль медиатора в команде\n### Навыки медиатора:\n- Нейтральность\n- Активное слушание\n- Управление процессом\n- Креативность в поиске решений\n\n### Техники медиации:\n- Рефрейминг — переформулирование\n- Разделение позиций и интересов\n- Генерация альтернатив\n- Проверка реалистичности решений','\n',char(10)),'https://www.youtube.com/watch?v=_sypItO78jE','_sypItO78jE',NULL,0,'2025-06-02 09:27:50',NULL);
INSERT INTO learning_materials VALUES(76,'Мотивация и вовлеченность команды',NULL,'VIDEO','TEAMWORK','BEGINNER',60,NULL,replace('# Мотивация и вовлеченность команды\n\n## Цель урока\nИзучить факторы командной мотивации и методы повышения вовлеченности участников.\n\n## Теория мотивации в командах\n### Внутренняя мотивация (Self-Determination Theory):\n- **Автономия** — свобода выбора и контроля\n- **Мастерство** — развитие навыков и компетенций\n- **Цель** — значимость и смысл работы\n\n### Командная мотивация:\n- **Принадлежность** — чувство части команды\n- **Признание** — оценка вклада\n- **Влияние** — возможность влиять на результат\n\n## Драйверы командной вовлеченности\n### 1. Ясность целей\n- Понимание миссии команды\n- Связь личных и командных целей\n- Измеримые результаты\n\n### 2. Роль и ответственность\n- Четкое понимание своей роли\n- Соответствие навыков и задач\n- Возможности для роста\n\n### 3. Поддержка и ресурсы\n- Доступ к необходимым инструментам\n- Поддержка руководства\n- Обучение и развитие\n\n### 4. Признание и вознаграждение\n- Справедливая оценка вклада\n- Публичное признание\n- Карьерные возможности\n\n## Инструменты повышения мотивации\n### 1. Постановка целей команды\n- SMART-цели для команды\n- Каскадирование целей\n- Регулярный мониторинг\n\n### 2. Ротация ролей\n- Развитие новых навыков\n- Предотвращение выгорания\n- Взаимопонимание\n\n### 3. Командные ритуалы\n- Еженедельные ретроспективы\n- Празднование успехов\n- Командные мероприятия\n\n### 4. Автономия в выполнении\n- Выбор методов работы\n- Гибкий график\n- Самоорганизация\n\n## Измерение вовлеченности\n### Индикаторы:\n- Инициативность\n- Готовность помочь коллегам\n- Участие в обсуждениях\n- Удовлетворенность работой','\n',char(10)),'https://www.youtube.com/watch?v=Mhdyto5KZe8','Mhdyto5KZe8',NULL,0,'2025-06-02 09:27:50',NULL);
INSERT INTO learning_materials VALUES(77,'Виртуальная командная работа',NULL,'VIDEO','TEAMWORK','BEGINNER',55,NULL,replace('# Виртуальная командная работа\n\n## Цель урока\nОсвоить особенности управления удаленными командами и эффективного онлайн-сотрудничества.\n\n## Вызовы виртуальных команд\n### Коммуникационные:\n- Потеря невербальных сигналов\n- Задержки в обратной связи\n- Технические проблемы\n\n### Социальные:\n- Снижение неформального общения\n- Труднее строить доверие\n- Изоляция участников\n\n### Процессные:\n- Координация часовых поясов\n- Различия в технологиях\n- Контроль выполнения задач\n\n## Принципы виртуального лидерства\n### 1. Сверхкоммуникация\n- Более частое общение\n- Четкость сообщений\n- Подтверждение понимания\n\n### 2. Структурированность\n- Четкие процессы\n- Регулярные проверки\n- Документирование решений\n\n### 3. Построение отношений\n- Время для неформального общения\n- Виртуальные тимбилдинги\n- Личные встречи при возможности\n\n### 4. Гибкость\n- Адаптация к часовым поясам\n- Различные стили работы\n- Технологические предпочтения\n\n## Инструменты виртуального сотрудничества\n### Коммуникация:\n- Видеоконференции (Zoom, Teams)\n- Мессенджеры (Slack, Teams Chat)\n- Асинхронное общение (email, форумы)\n\n### Совместная работа:\n- Облачные документы (Google Docs, Office 365)\n- Доски для совместной работы (Miro, Mural)\n- Системы управления проектами (Jira, Trello)\n\n### Социальное взаимодействие:\n- Виртуальные кофе-брейки\n- Онлайн-игры и активности\n- Социальные каналы в мессенджерах\n\n## Этикет виртуальных встреч\n### Подготовка:\n- Проверка технологий\n- Четкая повестка\n- Предварительные материалы\n\n### Проведение:\n- Управление временем\n- Активное вовлечение\n- Интерактивные элементы\n\n### Следование:\n- Краткое резюме\n- Четкие следующие шаги\n- Обратная связь о встрече','\n',char(10)),'https://www.youtube.com/watch?v=Z8FZYmQcIZ4','Z8FZYmQcIZ4',NULL,0,'2025-06-02 09:27:50',NULL);
INSERT INTO learning_materials VALUES(78,'Развитие и обучение команды',NULL,'VIDEO','TEAMWORK','BEGINNER',65,NULL,replace('# Развитие и обучение команды\n\n## Цель урока\nСоздать систему непрерывного развития команды и индивидуального роста участников.\n\n## Принципы командного обучения\n### 1. Обучающаяся организация\n- Культура экспериментирования\n- Извлечение уроков из ошибок\n- Обмен знаниями\n\n### 2. Коллективное обучение\n- Обучение в процессе работы\n- Взаимное наставничество\n- Командные ретроспективы\n\n### 3. Развитие T-shaped навыков\n- Глубокая экспертиза в одной области\n- Широкие знания в смежных областях\n- Навыки сотрудничества\n\n## Модели командного развития\n### 1. Модель 70-20-10\n- **70%** — обучение через опыт\n- **20%** — обучение от других\n- **10%** — формальное обучение\n\n### 2. Цикл Колба\n- **Опыт** — практическая деятельность\n- **Рефлексия** — анализ произошедшего\n- **Теория** — поиск закономерностей\n- **Эксперимент** — применение новых знаний\n\n## Инструменты развития команды\n### 1. Ретроспективы\n- Регулярный анализ работы\n- Выявление улучшений\n- Планирование изменений\n\n### 2. Внутреннее обучение\n- Презентации экспертизы\n- Мастер-классы коллег\n- Ротация ролей\n\n### 3. Внешнее обучение\n- Конференции и семинары\n- Онлайн-курсы\n- Сертификация\n\n### 4. Коучинг и менторинг\n- Индивидуальное развитие\n- Передача опыта\n- Поддержка роста\n\n## Планирование развития\n### Индивидуальные планы развития:\n1. Оценка текущих навыков\n2. Определение целей роста\n3. Выбор методов развития\n4. Временные рамки\n5. Измерение прогресса\n\n### Командный план развития:\n1. Аудит командных компетенций\n2. Определение пробелов\n3. Приоритизация областей развития\n4. Создание программы обучения\n5. Мониторинг результатов\n\n## Культура непрерывного обучения\n### Элементы культуры:\n- Время для обучения в рабочем графике\n- Поощрение экспериментов\n- Безопасность ошибок\n- Обмен знаниями\n- Измерение обучения','\n',char(10)),'https://www.youtube.com/watch?v=waLDpEsS_nQ','waLDpEsS_nQ',NULL,0,'2025-06-02 09:27:50',NULL);
INSERT INTO learning_materials VALUES(79,'Стратегическая коммуникация и влияние',NULL,'VIDEO','COMMUNICATION','ADVANCED',70,NULL,replace('# Стратегическая коммуникация и влияние\n\n## Цель урока\nОсвоить продвинутые техники стратегической коммуникации для достижения бизнес-целей.\n\n## Модель стратегической коммуникации\n### 1. Анализ контекста\n- **Стейкхолдеры** — кто принимает решения?\n- **Политика** — какие интересы и альянсы?\n- **Культура** — какие ценности и нормы?\n- **Время** — какие временные ограничения?\n\n### 2. Определение целей\n- **SMART-цели** коммуникации\n- **Краткосрочные** vs долгосрочные\n- **Измеримые результаты**\n\n### 3. Выбор стратегии\n- **Push** — принуждение через авторитет\n- **Pull** — привлечение через мотивацию\n- **Nudge** — мягкое подталкивание\n\n## Принципы влияния Чалдини 2.0\n### Классические принципы:\n1. **Взаимность** — люди отвечают добром на добро\n2. **Обязательство** — соответствие своим словам\n3. **Социальное доказательство** — следование за большинством\n4. **Симпатия** — согласие с теми, кто нравится\n5. **Авторитет** — подчинение экспертам\n6. **Дефицит** — ценность редкого\n\n### Новый 7-й принцип:\n7. **Единство** — "мы" вместо "я и вы"\n\n## Техники стратегического фрейминга\n### Фрейм выгоды vs фрейм потерь\n- **Позитивный фрейм:** "Получите 90% эффективности"\n- **Негативный фрейм:** "Избегните 10% потерь"\n\n### Фрейм проблемы vs фрейм возможности\n- **Проблемный:** "Устранить недостатки"\n- **Возможностный:** "Реализовать потенциал"\n\n## Управление сопротивлением\n### Источники сопротивления:\n- **Страх потерь** — статуса, контроля, компетентности\n- **Недоверие** — к мотивам, способностям\n- **Неясность** — целей, процесса, выгод\n\n### Стратегии преодоления:\n1. **Активное слушание** сопротивления\n2. **Адресация страхов** напрямую\n3. **Вовлечение** в процесс решения\n4. **Постепенность** изменений','\n',char(10)),'https://www.youtube.com/watch?v=bmhdvziMCX4','bmhdvziMCX4',NULL,0,'2025-06-02 09:31:20',NULL);
INSERT INTO learning_materials VALUES(80,'Мастерство переговоров',NULL,'VIDEO','COMMUNICATION','ADVANCED',75,NULL,replace('# Мастерство переговоров\n\n## Цель урока\nРазвить продвинутые навыки ведения переговоров в сложных бизнес-ситуациях.\n\n## Подготовка к переговорам\n### Анализ BATNA\n- **B**est **A**lternative **T**o **N**egotiated **A**greement\n- Что происходит, если переговоры провалятся?\n- Укрепление собственной BATNA\n- Ослабление BATNA оппонента\n\n### Зона возможного соглашения (ZOPA)\n- Минимум, на который готовы вы\n- Максимум, на который готов оппонент\n- Поиск пересечений\n\n### Исследование интересов\n- **Позиции** — что хотят\n- **Интересы** — почему хотят\n- **Потребности** — что действительно нужно\n\n## Стратегии переговоров\n### 1. Конкурентная (Win-Lose)\n- Максимизация собственной выгоды\n- Применение давления\n- Скрытие информации\n\n### 2. Кооперативная (Win-Win)\n- Поиск взаимной выгоды\n- Открытый обмен информацией\n- Совместное решение проблем\n\n### 3. Адаптивная\n- Изменение стратегии по ходу\n- Чтение сигналов оппонента\n- Гибкое реагирование\n\n## Тактики ведения переговоров\n### Конструктивные тактики:\n- **Опционы** — генерация альтернатив\n- **Пакетирование** — связка вопросов\n- **Условные предложения** — "если..., то..."\n- **Этапность** — разбивка на стадии\n\n### Деструктивные тактики (защита):\n- **Ультиматумы** — "последнее предложение"\n- **Эмоциональные атаки** — давление и угрозы\n- **Дедлайны** — искусственные ограничения\n- **Якорение** — крайние первоначальные предложения\n\n## Управление эмоциями в переговорах\n### Техника "Разделения"\n1. **Отделить** людей от проблемы\n2. **Сфокусироваться** на интересах\n3. **Генерировать** варианты\n4. **Использовать** объективные критерии\n\n### Работа с агрессией\n- Не отвечать агрессией на агрессию\n- Перенаправлять на проблему\n- Использовать "айкидо" — перенаправление энергии\n\n## Международные переговоры\n### Культурные различия:\n- **Монохронные** vs **полихронные** культуры\n- **Высокий** vs **низкий** контекст\n- **Индивидуализм** vs **коллективизм**\n- **Дистанция власти**','\n',char(10)),'https://www.youtube.com/watch?v=vogCSEO_CB8','vogCSEO_CB8',NULL,0,'2025-06-02 09:31:20',NULL);
INSERT INTO learning_materials VALUES(81,'Искусство презентаций высокого уровня',NULL,'VIDEO','COMMUNICATION','ADVANCED',80,NULL,replace('# Искусство презентаций высокого уровня\n\n## Цель урока\nОвладеть мастерством создания и проведения убедительных презентаций для топ-менеджмента.\n\n## Структура executive-презентации\n### Пирамида Минто\n1. **Заключение** — главное сообщение вначале\n2. **Группировка** — логическое объединение идей\n3. **Порядок** — логическая последовательность\n4. **Резюме** — краткое подведение итогов\n\n### SCRAP-структура\n- **S**ituation — ситуация\n- **C**omplication — проблема\n- **R**esolution — решение\n- **A**ction — действия\n- **P**ayoff — результат\n\n## Сторителлинг в бизнес-презентациях\n### Элементы истории:\n- **Герой** — кто главный персонаж?\n- **Вызов** — какая проблема?\n- **Путешествие** — как решали?\n- **Трансформация** — что изменилось?\n\n### Типы бизнес-историй:\n- **Истории проблем** — для обоснования изменений\n- **Истории успеха** — для мотивации\n- **Истории видения** — для вдохновения\n- **Истории ценностей** — для культуры\n\n## Работа с данными\n### Правило 6x6\n- Максимум 6 строк\n- Максимум 6 слов в строке\n- Размер шрифта не менее 24\n\n### Визуализация данных:\n- **Тренды** — линейные графики\n- **Сравнения** — столбчатые диаграммы\n- **Части целого** — круговые диаграммы\n- **Корреляции** — точечные диаграммы\n\n## Техники убеждения в презентациях\n### Этос, Пафос, Логос (Аристотель)\n- **Этос** — доверие к спикеру\n- **Пафос** — эмоциональная связь\n- **Логос** — логические аргументы\n\n### Техника "Проблема-Агитация-Решение"\n1. **Проблема** — что не так?\n2. **Агитация** — почему это критично?\n3. **Решение** — как исправить?\n\n## Управление вопросами и возражениями\n### Типы вопросов:\n- **Уточняющие** — для понимания\n- **Провокационные** — для проверки\n- **Скептические** — выражение сомнений\n- **Политические** — скрытые мотивы\n\n### Техника ПИРС:\n- **П**ауза — обдумать ответ\n- **И**нтерес — показать заинтересованность\n- **Р**ефрейминг — переформулировать при необходимости\n- **С**одержательный ответ\n\n## Работа с враждебной аудиторией\n### Стратегии:\n1. **Признание** различий во мнениях\n2. **Поиск** общих точек\n3. **Постепенное** изменение восприятия\n4. **Фокус** на фактах, не эмоциях','\n',char(10)),'https://www.youtube.com/watch?v=kAEJodCpxyk','kAEJodCpxyk',NULL,0,'2025-06-02 09:31:20',NULL);
INSERT INTO learning_materials VALUES(82,'Управление репутацией и личным брендом',NULL,'VIDEO','COMMUNICATION','ADVANCED',65,NULL,replace('# Управление репутацией и личным брендом\n\n## Цель урока\nНаучиться стратегически управлять своей профессиональной репутацией и коммуникационным имиджем.\n\n## Анатомия личного бренда\n### Компоненты бренда:\n- **Экспертиза** — в чем вы эксперт?\n- **Ценности** — что для вас важно?\n- **Личность** — как вы общаетесь?\n- **Визуал** — как вы выглядите?\n\n### Матрица позиционирования\n| | Высокая видимость | Низкая видимость |\n|--|-------------------|------------------|\n| **Высокая ценность** | Звезда | Скрытая жемчужина |\n| **Низкая ценность** | Самопродавец | Невидимка |\n\n## Стратегии построения репутации\n### 1. Экспертное позиционирование\n- **Нишевание** — выбор специализации\n- **Контент-маркетинг** — статьи, выступления\n- **Мысленное лидерство** — новые идеи\n- **Наставничество** — развитие других\n\n### 2. Нетворкинг и альянсы\n- **Стратегический нетворкинг** — целевые связи\n- **Взаимная поддержка** — win-win отношения\n- **Кросс-промоушн** — взаимная реклама\n- **Альянсы** — долгосрочные партнерства\n\n### 3. Цифровое присутствие\n- **LinkedIn-стратегия** — профессиональная сеть\n- **Контент-план** — регулярные публикации\n- **Мониторинг репутации** — отслеживание упоминаний\n- **Кризис-менеджмент** — работа с негативом\n\n## Техники повышения видимости\n### Внутри организации:\n- **Добровольные проекты** — инициативность\n- **Презентации достижений** — регулярная отчетность\n- **Наставничество коллег** — помощь в развитии\n- **Участие в комитетах** — влияние на решения\n\n### Во внешней среде:\n- **Публичные выступления** — конференции, подкасты\n- **Публикации** — статьи, блоги, книги\n- **Медиа-участие** — интервью, комментарии\n- **Профессиональные ассоциации** — лидерство в сообществах\n\n## Коммуникация в кризисе\n### Принципы кризисной коммуникации:\n1. **Скорость** — быстрая реакция\n2. **Честность** — открытое признание фактов\n3. **Ответственность** — принятие на себя\n4. **Действия** — конкретные шаги по исправлению\n\n### Модель SOAR:\n- **S**top — остановить распространение\n- **O**wn — взять ответственность\n- **A**pologize — извиниться если нужно\n- **R**espond — действовать по исправлению\n\n## Измерение репутации\n### Качественные метрики:\n- **360-градусная обратная связь**\n- **Репутационные опросы**\n- **Анализ сетевой позиции**\n- **Медиа-мониторинг**\n\n### Количественные метрики:\n- **Размер сети** — количество контактов\n- **Активность** — частота взаимодействий\n- **Охват** — количество людей в аудитории\n- **Вовлеченность** — реакции на контент','\n',char(10)),'https://www.youtube.com/watch?v=P6k2id_AJko','P6k2id_AJko',NULL,0,'2025-06-02 09:31:20',NULL);
INSERT INTO learning_materials VALUES(83,'Межкультурная деловая коммуникация',NULL,'VIDEO','COMMUNICATION','ADVANCED',70,NULL,replace('# Межкультурная деловая коммуникация\n\n## Цель урока\nРазвить навыки эффективной коммуникации в мультикультурной бизнес-среде.\n\n## Модель культурных различий Хофстеде\n### 6 измерений культуры:\n1. **Дистанция власти** — иерархия vs равенство\n2. **Индивидуализм** — личность vs коллектив\n3. **Мужественность** — конкуренция vs сотрудничество\n4. **Избегание неопределенности** — правила vs гибкость\n5. **Ориентация на время** — традиции vs изменения\n6. **Потворство** — контроль vs свобода\n\n### Практическое применение:\n- **Высокая дистанция власти** — формальность, титулы\n- **Коллективизм** — групповые решения, гармония\n- **Высокое избегание неопределенности** — детальные планы\n\n## Модели коммуникации\n### Высокий vs низкий контекст (Холл)\n#### Высокий контекст:\n- Неявная информация\n- Невербальные сигналы важны\n- Отношения первичны\n- Примеры: Япония, Корея, арабские страны\n\n#### Низкий контекст:\n- Прямая коммуникация\n- Слова важнее контекста\n- Задачи первичны\n- Примеры: Германия, Скандинавия, США\n\n## Стили принятия решений\n### Консенсусные культуры:\n- Долгое обсуждение\n- Участие всех заинтересованных\n- Медленное принятие, быстрое исполнение\n- Примеры: Япония, Нидерланды\n\n### Авторитарные культуры:\n- Быстрое принятие решений\n- Роль лидера критична\n- Быстрое принятие, медленное исполнение\n- Примеры: Россия, Китай\n\n## Переговоры в разных культурах\n### Отношенческие культуры:\n- Важность установления отношений\n- Личные встречи и ужины\n- Долгосрочная перспектива\n- Терпение в процессе\n\n### Транзакционные культуры:\n- Фокус на деловых аспектах\n- Прямолинейность в переговорах\n- Краткосрочные результаты\n- Эффективность процесса\n\n## Управление мультикультурными командами\n### Вызовы:\n- **Языковые барьеры** — понимание и выражение\n- **Временные зоны** — координация активности\n- **Стили работы** — индивидуальные vs командные\n- **Ожидания** — от лидерства и участия\n\n### Стратегии:\n1. **Культурная осведомленность** — изучение особенностей\n2. **Инклюзивное лидерство** — учет всех голосов\n3. **Адаптация стиля** — гибкость в подходах\n4. **Создание общей культуры** — командные нормы\n\n## Протокол и этикет\n### Деловые встречи:\n- **Пунктуальность** — важность времени\n- **Приветствие** — рукопожатия, поклоны\n- **Обмен визитками** — ритуалы и правила\n- **Подарки** — уместность и ограничения\n\n### Деловые ужины:\n- **Разговоры** — личные vs деловые темы\n- **Алкоголь** — культурные нормы\n- **Оплата** — кто платит за ужин\n- **Тосты** — традиции и этикет','\n',char(10)),'https://www.youtube.com/watch?v=sbrdIwmATv8','sbrdIwmATv8',NULL,0,'2025-06-02 09:31:20',NULL);
INSERT INTO learning_materials VALUES(84,'Цифровая коммуникация и социальные медиа',NULL,'VIDEO','COMMUNICATION','ADVANCED',60,NULL,replace('# Цифровая коммуникация и социальные медиа\n\n## Цель урока\nОсвоить продвинутые стратегии цифровой коммуникации для профессионального развития.\n\n## Экосистема цифровой коммуникации\n### Платформы и их специфика:\n- **LinkedIn** — профессиональный нетворкинг\n- **Twitter** — мысленное лидерство, новости\n- **Medium** — длинные аналитические статьи\n- **YouTube** — видео-контент, обучение\n- **Clubhouse** — аудио-дискуссии\n\n### Выбор платформ:\n1. **Где ваша аудитория?** — исследование присутствия\n2. **Какой формат контента?** — текст, видео, аудио\n3. **Сколько времени?** — ресурсы на поддержку\n4. **Какие цели?** — продажи, найм, экспертиза\n\n## Контент-стратегия для профессионалов\n### Модель 4E:\n- **E**ducate — обучайте аудиторию\n- **E**ngage — вовлекайте в диалог\n- **E**ntertain — развлекайте качественно\n- **E**nthuse — вдохновляйте на действия\n\n### Правило 80/20:\n- **80%** — полезный контент для аудитории\n- **20%** — продвижение себя и услуг\n\n### Контент-календарь:\n- **Понедельник** — мотивация и планы\n- **Среда** — образовательный контент\n- **Пятница** — инсайты и размышления\n\n## Техники вовлечения аудитории\n### Формат постов:\n- **Истории** — personal experiences\n- **Списки** — практические советы\n- **Вопросы** — стимулирование дискуссий\n- **Карусели** — пошаговые инструкции\n\n### Элементы виральности:\n1. **Эмоциональный крючок** — первые 3 секунды\n2. **Персональная история** — человечность\n3. **Практическая ценность** — применимость\n4. **Призыв к действию** — что делать дальше\n\n## Управление онлайн-репутацией\n### Мониторинг:\n- **Google Alerts** — упоминания имени\n- **Социальные медиа** — мониторинг тегов\n- **Профессиональные форумы** — отраслевые обсуждения\n- **Рейтинговые сайты** — отзывы и оценки\n\n### Реагирование:\n- **Позитивные отзывы** — благодарность и усиление\n- **Негативные отзывы** — быстрое и конструктивное реагирование\n- **Нейтральные упоминания** — возможность для вовлечения\n\n## Этика цифровой коммуникации\n### Принципы:\n1. **Аутентичность** — быть собой\n2. **Прозрачность** — открытость мотивов\n3. **Уважение** — к чужим мнениям\n4. **Конфиденциальность** — защита частной информации\n\n### Избегать:\n- **Оверпостинга** — спам и навязчивость\n- **Политических споров** — профессиональная нейтральность\n- **Персональных атак** — фокус на идеях\n- **Clickbait** — честные заголовки\n\n## Измерение эффективности\n### Количественные метрики:\n- **Охват** — количество просмотров\n- **Вовлеченность** — лайки, комментарии, репосты\n- **Прирост подписчиков** — рост аудитории\n- **Клики** — переходы на сайт\n\n### Качественные метрики:\n- **Качество комментариев** — глубина дискуссий\n- **Профиль аудитории** — релевантность подписчиков\n- **Бизнес-результаты** — лиды, возможности\n- **Репутационные изменения** — восприятие бренда','\n',char(10)),'https://www.youtube.com/watch?v=S5ZyoQsdGZo','S5ZyoQsdGZo',NULL,0,'2025-06-02 09:31:20',NULL);
INSERT INTO learning_materials VALUES(85,'Кризисная коммуникация',NULL,'VIDEO','COMMUNICATION','ADVANCED',65,NULL,replace('# Кризисная коммуникация\n\n## Цель урока\nНаучиться эффективно коммуницировать в кризисных ситуациях и управлять коммуникационными рисками.\n\n## Типы кризисов\n### По источнику:\n- **Внутренние** — ошибки управления, сотрудников\n- **Внешние** — форс-мажор, атаки конкурентов\n- **Смешанные** — взаимодействие факторов\n\n### По скорости развития:\n- **Медленные** — постепенное нарастание\n- **Быстрые** — внезапное возникновение\n- **Периодические** — повторяющиеся проблемы\n\n### По масштабу:\n- **Локальные** — отдельное подразделение\n- **Корпоративные** — вся организация\n- **Отраслевые** — влияние на сектор\n\n## Принципы кризисной коммуникации\n### Золотое правило времени:\n- **Первый час** — критически важен\n- **Первые сутки** — формирование narrative\n- **Первая неделя** — закрепление восприятия\n\n### 4 столпа кризисной коммуникации:\n1. **Быстрота** — опережение слухов\n2. **Честность** — фактическая точность\n3. **Эмпатия** — понимание переживаний\n4. **Действия** — конкретные шаги\n\n## Модель кризисного реагирования\n### Фаза 1: Немедленная реакция (0-6 часов)\n- **Сбор фактов** — что произошло?\n- **Оценка рисков** — масштаб проблемы?\n- **Мобилизация команды** — кто отвечает?\n- **Первое заявление** — базовая позиция\n\n### Фаза 2: Углубленная реакция (6-48 часов)\n- **Детальное расследование** — глубокий анализ\n- **Стратегия коммуникации** — key messages\n- **Работа с СМИ** — интервью и брифинги\n- **Внутренние коммуникации** — информирование сотрудников\n\n### Фаза 3: Восстановление (48+ часов)\n- **План восстановления** — конкретные действия\n- **Долгосрочная коммуникация** — регулярные обновления\n- **Мониторинг репутации** — отслеживание эффектов\n- **Извлечение уроков** — анализ и улучшения\n\n## Техники коммуникации в кризисе\n### Структура заявлений:\n1. **Выражение озабоченности** — эмпатия\n2. **Факты** — что известно на данный момент\n3. **Действия** — что предпринимается\n4. **Следующие шаги** — план дальнейших действий\n\n### Работа с СМИ:\n- **Определить спикера** — один голос организации\n- **Подготовить key messages** — 3-5 ключевых сообщений\n- **Тренировка интервью** — отработка сложных вопросов\n- **Мониторинг освещения** — отслеживание публикаций\n\n## Цифровая кризисная коммуникация\n### Особенности социальных медиа:\n- **Скорость распространения** — вирусный эффект\n- **Эмоциональность** — усиление реакций\n- **Фрагментация** — множество версий\n- **Постоянство** — следы остаются навсегда\n\n### Стратегии для соцсетей:\n1. **Активный мониторинг** — отслеживание упоминаний\n2. **Быстрое реагирование** — ответы в течение часа\n3. **Единообразие сообщений** — одинаковая позиция везде\n4. **Переключение в приват** — сложные вопросы в личные сообщения\n\n## Восстановление после кризиса\n### Оценка ущерба:\n- **Репутационный** — изменение восприятия\n- **Финансовый** — потери в деньгах\n- **Операционный** — нарушение процессов\n- **Кадровый** — влияние на персонал\n\n### Программа восстановления:\n1. **Компенсация** — возмещение ущерба\n2. **Изменения** — системные улучшения\n3. **Коммуникация** — информирование о прогрессе\n4. **Мониторинг** — отслеживание восприятия','\n',char(10)),'https://www.youtube.com/watch?v=NQGGXkhCo2M','NQGGXkhCo2M',NULL,0,'2025-06-02 09:31:20',NULL);
INSERT INTO learning_materials VALUES(86,'Лидерская коммуникация и видение',NULL,'VIDEO','COMMUNICATION','ADVANCED',75,NULL,replace('# Лидерская коммуникация и видение\n\n## Цель урока\nРазвить навыки вдохновляющей лидерской коммуникации и трансляции видения.\n\n## Анатомия лидерской коммуникации\n### Отличия от менеджерской коммуникации:\n- **Вдохновение** vs информирование\n- **Видение** vs планы\n- **Эмоции** vs факты\n- **Трансформация** vs управление\n\n### 4 уровня лидерской коммуникации:\n1. **Директивная** — что делать\n2. **Объяснительная** — почему делать\n3. **Вовлекающая** — как участвовать\n4. **Трансформирующая** — зачем это важно\n\n## Создание и трансляция видения\n### Элементы убедительного видения:\n- **Ясность** — понятность для всех\n- **Краткость** — запоминаемость\n- **Вдохновение** — эмоциональная привлекательность\n- **Амбициозность** — дерзкий вызов\n- **Конкретность** — измеримые результаты\n\n### Техника "Золотой круг" (Саймон Синек):\n- **Why** — зачем мы это делаем?\n- **How** — как мы это делаем по-особенному?\n- **What** — что мы конкретно делаем?\n\n### Формула видения:\n"К [дата] мы [кто] станем [позиция/состояние], чтобы [высшая цель], что позволит [воздействие на мир]"\n\n## Сторителлинг для лидеров\n### Типы лидерских историй:\n1. **Истории происхождения** — почему мы начали\n2. **Истории борьбы** — как преодолевали трудности\n3. **Истории успеха** — чего добились вместе\n4. **Истории будущего** — куда идем дальше\n\n### Структура hero''s journey:\n- **Обычный мир** — исходная ситуация\n- **Призыв к приключению** — вызов/возможность\n- **Отказ от призыва** — сомнения и страхи\n- **Встреча с наставником** — получение помощи\n- **Пересечение порога** — начало пути\n- **Испытания** — преодоление препятствий\n- **Награда** — достижение цели\n- **Возвращение** — применение опыта\n\n## Эмоциональное лидерство\n### Техники создания эмоциональной связи:\n- **Личные истории** — уязвимость и человечность\n- **Общие ценности** — то, что нас объединяет\n- **Коллективная гордость** — совместные достижения\n- **Надежда на будущее** — оптимистичная перспектива\n\n### Управление энергией команды:\n1. **Диагностика** — оценка текущего состояния\n2. **Настройка** — корректировка под задачи\n3. **Поддержание** — сохранение нужного уровня\n4. **Восстановление** — работа с выгоранием\n\n## Коммуникация изменений\n### Модель ADKAR:\n- **A**wareness — осознание необходимости\n- **D**esire — желание участвовать\n- **K**nowledge — знание как изменяться\n- **A**bility — способность внедрить навыки\n- **R**einforcement — закрепление изменений\n\n### 8 шагов коммуникации изменений (Коттер):\n1. **Создание срочности** — почему сейчас?\n2. **Формирование коалиции** — кто поддерживает?\n3. **Создание видения** — куда идем?\n4. **Трансляция видения** — как донести?\n5. **Расширение полномочий** — как включить всех?\n6. **Быстрые победы** — как показать прогресс?\n7. **Закрепление изменений** — как сохранить?\n8. **Институционализация** — как сделать нормой?\n\n## Цифровое лидерство\n### Особенности онлайн-лидерства:\n- **Асинхронная коммуникация** — отложенные реакции\n- **Множественные каналы** — разные платформы\n- **Глобальная аудитория** — культурные различия\n- **Постоянная видимость** — цифровые следы\n\n### Инструменты цифрового лидера:\n- **Видео-послания** — личная связь на расстоянии\n- **Социальные сети** — прямая коммуникация\n- **Подкасты** — углубленные размышления\n- **Виртуальные мероприятия** — массовые выступления\n\n## Измерение эффективности лидерской коммуникации\n### Количественные показатели:\n- **Вовлеченность сотрудников** — опросы и метрики\n- **NPS лидера** — готовность рекомендовать\n- **Достижение целей** — выполнение планов\n- **Удержание талантов** — текучесть кадров\n\n### Качественные индикаторы:\n- **Энтузиазм команды** — энергия и мотивация\n- **Инициативность** — самостоятельные действия\n- **Лояльность** — поддержка в трудные времена\n- **Гордость** — чувство принадлежности','\n',char(10)),'https://www.youtube.com/watch?v=lOvEIpVCW0k','lOvEIpVCW0k',NULL,0,'2025-06-02 09:31:20',NULL);
CREATE TABLE learning_tasks (
	id INTEGER NOT NULL, 
	material_id INTEGER NOT NULL, 
	title VARCHAR(255) NOT NULL, 
	description TEXT, 
	order_position INTEGER, 
	created_at DATETIME DEFAULT (CURRENT_TIMESTAMP), 
	PRIMARY KEY (id)
);
INSERT INTO learning_tasks VALUES(17,21,'Анализ использования времени','В течение дня записывайте каждые 30 минут, чем занимались. Вечером проанализируйте и распределите активности по матрице Эйзенхауэра.',1,'2025-06-02T04:00:44.512513');
INSERT INTO learning_tasks VALUES(18,21,'Создание еженедельного плана','Составьте план на неделю, используя принципы приоритизации. Выделите время для важных несрочных задач.',2,'2025-06-02T04:00:44.512516');
INSERT INTO learning_tasks VALUES(19,22,'Эксперимент с техникой Помодоро','Попробуйте технику Помодоро в течение рабочего дня. Отметьте, как изменилась ваша продуктивность и качество концентрации.',1,'2025-06-02T04:00:44.512529');
INSERT INTO learning_tasks VALUES(20,22,'Аудит отвлечений','Составьте список всех отвлечений в вашем рабочем дне. Разработайте стратегии для минимизации каждого из них.',2,'2025-06-02T04:00:44.512534');
INSERT INTO learning_tasks VALUES(21,23,'Карта автоматизации','Создайте список из 20 рутинных задач. Для каждой определите возможность автоматизации или делегирования.',1,'2025-06-02T04:00:44.512546');
INSERT INTO learning_tasks VALUES(22,23,'Внедрение одной автоматизации','Выберите одну задачу и автоматизируйте ее (например, настройте фильтры email или шаблоны ответов). Измерьте экономию времени.',2,'2025-06-02T04:00:44.512549');
INSERT INTO learning_tasks VALUES(23,24,'Анализ своего стиля общения','Проанализируйте, как вы обычно общаетесь с коллегами. Запишите 3 сильные стороны и 3 области для улучшения.',1,'2025-06-02 08:35:10');
INSERT INTO learning_tasks VALUES(24,24,'Наблюдение за невербальными сигналами','В течение дня обращайте внимание на жесты и мимику собеседников. Запишите, как невербальные сигналы влияли на понимание.',2,'2025-06-02 08:35:10');
INSERT INTO learning_tasks VALUES(25,25,'Практика активного слушания','В следующем разговоре с коллегой примените техники активного слушания. Запишите, как изменилось качество общения.',1,'2025-06-02 08:35:10');
INSERT INTO learning_tasks VALUES(26,25,'Упражнение на эмпатию','Выберите конфликтную ситуацию из вашего опыта. Попробуйте описать её с точки зрения всех участников.',2,'2025-06-02 08:35:10');
INSERT INTO learning_tasks VALUES(27,26,'Анализ собственного языка тела','Запишите видео своего выступления (1-2 минуты). Проанализируйте свои жесты, позу и мимику.',1,'2025-06-02 08:35:10');
INSERT INTO learning_tasks VALUES(28,26,'Упражнение ''Зеркало''','С партнером по очереди повторяйте жесты друг друга. Обратите внимание, как это влияет на понимание.',2,'2025-06-02 08:35:10');
INSERT INTO learning_tasks VALUES(29,27,'Анализ конфликтной ситуации','Вспомните недавний конфликт на работе. Определите его тип и проанализируйте, какая стратегия была бы наиболее эффективной.',1,'2025-06-02 08:35:10');
INSERT INTO learning_tasks VALUES(30,27,'Ролевая игра','С коллегой разыграйте конфликтную ситуацию, применяя техники деэскалации. Поменяйтесь ролями.',2,'2025-06-02 08:35:10');
INSERT INTO learning_tasks VALUES(31,28,'Практика модели SBI','Подготовьте обратную связь коллеге, используя модель SBI. Сначала запишите на бумаге, потом проведите разговор.',1,'2025-06-02 08:35:10');
INSERT INTO learning_tasks VALUES(32,28,'Дневник обратной связи','В течение недели записывайте всю полученную обратную связь и свои реакции на неё.',2,'2025-06-02 08:35:10');
INSERT INTO learning_tasks VALUES(33,29,'Мини-презентация','Подготовьте 5-минутную презентацию на рабочую тему. Запишите на видео и проанализируйте свою подачу.',1,'2025-06-02 08:35:10');
INSERT INTO learning_tasks VALUES(34,29,'Анализ TED-выступления','Посмотрите любое TED-выступление. Проанализируйте структуру, приёмы и эффективность подачи.',2,'2025-06-02 08:35:10');
INSERT INTO learning_tasks VALUES(35,30,'Аудит электронной почты','Проанализируйте последние 10 отправленных email. Оцените их по критериям эффективности.',1,'2025-06-02 08:35:10');
INSERT INTO learning_tasks VALUES(36,30,'Эксперимент с видеозвонками','Проведите видеовстречу с коллегой, применяя все правила этикета. Попросите обратную связь.',2,'2025-06-02 08:35:10');
INSERT INTO learning_tasks VALUES(37,31,'Исследование культуры','Выберите страну, с представителями которой вы работаете. Изучите особенности их деловой культуры.',1,'2025-06-02 08:35:10');
INSERT INTO learning_tasks VALUES(38,31,'Практика адаптации','В следующем разговоре с иностранным коллегой адаптируйте свой стиль общения под их культурные особенности.',2,'2025-06-02 08:35:10');
INSERT INTO learning_tasks VALUES(39,32,'Дневник эмоций','Неделю записывайте свои эмоции на работе: что их вызвало, как отреагировали, что можно улучшить.',1,'2025-06-02 08:35:10');
INSERT INTO learning_tasks VALUES(40,32,'Практика техники STOP','При следующей стрессовой ситуации примените технику STOP. Запишите результат.',2,'2025-06-02 08:35:10');
INSERT INTO learning_tasks VALUES(41,33,'Комплексный кейс: Сложная встреча','Проведите встречу с коллегами, где есть конфликтная ситуация. Примените все изученные техники: активное слушание, управление эмоциями, поиск решений. Запишите анализ.',1,'2025-06-02 08:36:46');
INSERT INTO learning_tasks VALUES(42,33,'Персональный план развития','Создайте план развития коммуникативных навыков на следующие 3 месяца. Включите конкретные цели, действия и способы измерения прогресса.',2,'2025-06-02 08:36:46');
INSERT INTO learning_tasks VALUES(43,33,'Итоговая презентация','Подготовьте 10-минутную презентацию о том, что вы изучили в курсе и как планируете применять навыки. Примените все техники презентационного мастерства.',3,'2025-06-02 08:36:46');
INSERT INTO learning_tasks VALUES(44,34,'Самооценка лидерских качеств','Оцените себя по 7 ключевым качествам лидера по шкале 1-10. Выберите 3 качества для развития.',1,'2025-06-02 08:47:29');
INSERT INTO learning_tasks VALUES(45,34,'Анализ лидера-образца','Выберите лидера, которым восхищаетесь. Определите, на каком уровне по Максвеллу он находится и почему.',2,'2025-06-02 08:47:29');
INSERT INTO learning_tasks VALUES(46,35,'Дневник эмоций лидера','Неделю записывайте ситуации, когда ваши эмоции влияли на команду. Анализируйте паттерны.',1,'2025-06-02 08:47:29');
INSERT INTO learning_tasks VALUES(47,35,'Практика эмпатии','В течение дня обращайте внимание на эмоциональное состояние членов команды. Практикуйте активное слушание.',2,'2025-06-02 08:47:29');
INSERT INTO learning_tasks VALUES(48,36,'Анализ ситуаций лидерства','Опишите 4 разные рабочие ситуации и определите, какой стиль лидерства будет наиболее эффективен в каждой.',1,'2025-06-02 08:47:33');
INSERT INTO learning_tasks VALUES(49,36,'Практика адаптации стиля','В течение недели наблюдайте за собой: как вы адаптируете свой стиль в зависимости от ситуации и людей.',2,'2025-06-02 08:47:33');
INSERT INTO learning_tasks VALUES(50,37,'Карта мотивации команды','Создайте профиль мотивации для каждого члена команды: что их вдохновляет, демотивирует, к чему стремятся.',1,'2025-06-02 08:47:33');
INSERT INTO learning_tasks VALUES(51,37,'Эксперимент с признанием','Неделю целенаправленно признавайте достижения команды разными способами. Наблюдайте за изменениями.',2,'2025-06-02 08:47:33');
INSERT INTO learning_tasks VALUES(52,38,'План делегирования','Составьте список из 10 задач, которые можете делегировать. Для каждой определите исполнителя и уровень делегирования.',1,'2025-06-02 08:47:33');
INSERT INTO learning_tasks VALUES(53,38,'Индивидуальный план развития','Выберите сотрудника и создайте план его развития на 3 месяца с использованием модели 70-20-10.',2,'2025-06-02 08:47:33');
INSERT INTO learning_tasks VALUES(54,39,'Анализ сложного решения','Вспомните сложное решение из прошлого. Проанализируйте его с помощью модели DECIDE. Что можно было сделать лучше?',1,'2025-06-02 08:47:33');
INSERT INTO learning_tasks VALUES(55,39,'Матрица решений','Для текущей рабочей проблемы создайте матрицу решений с альтернативами, критериями и оценками.',2,'2025-06-02 08:47:33');
INSERT INTO learning_tasks VALUES(56,40,'Анализ своего влияния','Проанализируйте, какие принципы Чалдини вы используете чаще всего. Выберите 2 принципа для развития.',1,'2025-06-02 08:47:33');
INSERT INTO learning_tasks VALUES(57,40,'Практика сторителлинга','Подготовьте 3 истории из личного опыта для разных ситуаций: мотивации, обучения, убеждения.',2,'2025-06-02 08:47:33');
INSERT INTO learning_tasks VALUES(58,41,'Анализ изменений в организации','Проанализируйте текущие или недавние изменения в организации через призму модели Коттера. Какие шаги выполнены хорошо, какие — нет?',1,'2025-06-02 08:47:33');
INSERT INTO learning_tasks VALUES(59,41,'План управления сопротивлением','Для планируемого изменения создайте карту заинтересованных сторон и план работы с каждой группой.',2,'2025-06-02 08:47:33');
INSERT INTO learning_tasks VALUES(60,42,'Оценка текущей культуры','Проанализируйте культуру вашей команды/организации по модели CVF. Определите доминирующий тип и желаемые изменения.',1,'2025-06-02 08:47:33');
INSERT INTO learning_tasks VALUES(61,42,'План влияния на культуру','Составьте план из 5 конкретных действий, которые помогут вам как лидеру влиять на культуру команды.',2,'2025-06-02 08:47:33');
INSERT INTO learning_tasks VALUES(62,43,'Комплексный кейс лидерства','Проанализируйте сложную лидерскую ситуацию из вашего опыта, применив все изученные модели и концепции. Что бы вы сделали по-другому?',1,'2025-06-02 08:47:33');
INSERT INTO learning_tasks VALUES(63,43,'Персональный план развития лидера','Создайте детальный план развития лидерских навыков на 6 месяцев с конкретными целями, действиями и метриками.',2,'2025-06-02 08:47:33');
INSERT INTO learning_tasks VALUES(64,43,'Презентация лидерской философии','Подготовьте 10-минутную презентацию своей лидерской философии: ценности, принципы, стиль, видение будущего.',3,'2025-06-02 08:47:33');
INSERT INTO learning_tasks VALUES(65,44,'Тест на эмоциональный интеллект','Пройдите онлайн-тест на EQ и проанализируйте результаты. Определите свои сильные стороны и области для развития.',1,'2025-06-02 08:59:43');
INSERT INTO learning_tasks VALUES(66,44,'Дневник эмоций','В течение недели ведите дневник эмоций: записывайте какие эмоции испытывали, в каких ситуациях и как они влияли на ваше поведение.',2,'2025-06-02 08:59:43');
INSERT INTO learning_tasks VALUES(67,45,'Эмоциональный термометр','В течение дня каждые 2 часа записывайте свое эмоциональное состояние, его интенсивность (1-10) и причину. Анализируйте паттерны в конце дня.',1,'2025-06-02 09:01:14');
INSERT INTO learning_tasks VALUES(68,45,'Практика mindfulness','Выполняйте 10-минутную медитацию осознанности ежедневно в течение недели. Отмечайте изменения в осознанности эмоций.',2,'2025-06-02 09:01:14');
INSERT INTO learning_tasks VALUES(69,46,'Карта триггеров','Составьте список ваших эмоциональных триггеров. Для каждого разработайте стратегию саморегуляции используя техники из урока.',1,'2025-06-02 09:01:14');
INSERT INTO learning_tasks VALUES(70,46,'Практика техники STOP','В течение недели применяйте технику STOP в стрессовых ситуациях. Ведите записи о том, как это влияет на ваши реакции.',2,'2025-06-02 09:01:14');
INSERT INTO learning_tasks VALUES(71,47,'Дневник наблюдений','В течение недели ведите дневник наблюдений за невербальными сигналами коллег. Записывайте что заметили и как это соотносилось с их словами.',1,'2025-06-02 09:01:14');
INSERT INTO learning_tasks VALUES(72,47,'Практика эмпатического слушания','Выберите 3 разговора где будете практиковать активное эмпатическое слушание. Запишите свои наблюдения о том, как это повлияло на диалог.',2,'2025-06-02 09:01:14');
INSERT INTO learning_tasks VALUES(73,48,'Анализ стилей влияния','Проанализируйте 3 недавние ситуации где вы пытались на кого-то повлиять. Определите какие стили использовали и насколько они были эффективны.',1,'2025-06-02 09:01:14');
INSERT INTO learning_tasks VALUES(74,48,'Практика модели SBI','Используйте модель SBI для предоставления обратной связи 2-3 коллегам. Запишите их реакции и эффективность подхода.',2,'2025-06-02 09:01:14');
INSERT INTO learning_tasks VALUES(75,49,'Формулировка SMART-целей','Сформулируйте 3 профессиональные цели на ближайшие 3 месяца используя критерии SMART. Запишите для каждой конкретные метрики успеха.',1,'2025-06-02 09:10:14');
INSERT INTO learning_tasks VALUES(76,49,'Матрица приоритетов','Создайте список из 15-20 текущих задач и распределите их по категориям A, B, C. Сосредоточьтесь в первую очередь на задачах категории A.',2,'2025-06-02 09:10:14');
INSERT INTO learning_tasks VALUES(77,50,'Анализ причин прокрастинации','Выберите 2-3 задачи, которые вы откладываете. Проанализируйте причины прокрастинации для каждой и выберите подходящую технику преодоления.',1,'2025-06-02 09:10:14');
INSERT INTO learning_tasks VALUES(78,50,'Эксперимент с техниками','В течение недели попробуйте минимум 3 техники борьбы с прокрастинацией. Ведите дневник эффективности каждой техники.',2,'2025-06-02 09:10:14');
INSERT INTO learning_tasks VALUES(79,51,'Аудит текущих инструментов','Проведите аудит всех приложений и сервисов, которые используете для планирования. Определите дублирование функций и неиспользуемые инструменты.',1,'2025-06-02 09:10:14');
INSERT INTO learning_tasks VALUES(80,51,'Внедрение нового инструмента','Выберите один новый инструмент из урока и используйте его в течение недели. Оцените влияние на вашу продуктивность.',2,'2025-06-02 09:10:14');
INSERT INTO learning_tasks VALUES(81,52,'Энергетический дневник','В течение недели каждые 2 часа отмечайте свой уровень энергии по шкале 1-10. Выявите паттерны и оптимальные времена для разных типов задач.',1,'2025-06-02 09:10:14');
INSERT INTO learning_tasks VALUES(82,52,'Эксперимент с биоритмами','Запланируйте самые важные задачи на время вашего энергетического пика. Сравните результативность с обычным планированием.',2,'2025-06-02 09:10:14');
INSERT INTO learning_tasks VALUES(83,53,'Аудит совещаний','Проанализируйте все совещания за прошлую неделю. Оцените необходимость каждого, эффективность и предложите улучшения.',1,'2025-06-02 09:10:14');
INSERT INTO learning_tasks VALUES(84,53,'Эксперимент с форматами','Попробуйте провести одно совещание в альтернативном формате (stand-up, walking meeting или асинхронное обсуждение). Сравните результативность.',2,'2025-06-02 09:10:14');
INSERT INTO learning_tasks VALUES(85,54,'Карта стресс-факторов','Определите основные источники стресса в работе и личной жизни. Для каждого разработайте стратегию управления используя техники из урока.',1,'2025-06-02 09:10:14');
INSERT INTO learning_tasks VALUES(86,54,'Эксперимент с границами','Выберите одну область для установления более четких границ (время, технологии или эмоции). Внедрите изменения на неделю и оцените результат.',2,'2025-06-02 09:10:14');
INSERT INTO learning_tasks VALUES(87,55,'Долгосрочное видение','Создайте детальное описание своей жизни через 10 лет. Определите 3-5 ключевых навыков, которые нужно развить для достижения этого видения.',1,'2025-06-02 09:10:14');
INSERT INTO learning_tasks VALUES(88,55,'Персональная система развития','Разработайте план развития навыков тайм-менеджмента на следующие 6 месяцев. Включите ведущие показатели для отслеживания прогресса.',2,'2025-06-02 09:10:14');
INSERT INTO learning_tasks VALUES(89,56,'Анализ командной динамики','Проанализируйте эмоциональную динамику в своей команде. Определите эмоциональные роли участников, выявите потенциальные точки напряжения и предложите стратегии улучшения.',0,'2025-06-02 09:15:38');
INSERT INTO learning_tasks VALUES(90,56,'Создание эмоциональных норм команды','Разработайте набор эмоциональных норм для команды: как выражать несогласие, как оказывать поддержку, как отмечать успехи.',0,'2025-06-02 09:15:38');
INSERT INTO learning_tasks VALUES(91,57,'Персональный план управления стрессом','Создайте индивидуальный план управления стрессом. Включите техники профилактики, методы быстрого реагирования и стратегии восстановления.',0,'2025-06-02 09:15:38');
INSERT INTO learning_tasks VALUES(92,57,'Неделя практики стрессоустойчивости','В течение недели ежедневно применяйте одну из изученных техник управления стрессом. Ведите дневник наблюдений и оценивайте эффективность каждой техники.',0,'2025-06-02 09:15:38');
INSERT INTO learning_tasks VALUES(93,58,'Самооценка эмоционального лидерства','Оцените свои текущие навыки эмоционального лидерства. Определите сильные стороны и области для развития. Получите обратную связь от коллег.',0,'2025-06-02 09:15:38');
INSERT INTO learning_tasks VALUES(94,58,'Проект по улучшению эмоционального климата','Разработайте и реализуйте проект по улучшению эмоционального климата в вашей команде или отделе. Измерьте результаты до и после внедрения изменений.',0,'2025-06-02 09:15:38');
INSERT INTO learning_tasks VALUES(95,58,'Практика эмоционального влияния','Выберите сложную рабочую ситуацию и примените техники эмоционального лидерства для ее решения. Проанализируйте эффективность вашего подхода.',0,'2025-06-02 09:15:38');
INSERT INTO learning_tasks VALUES(96,59,'Аудит цифрового поведения','Проведите анализ своего цифрового поведения в течение недели. Отследите эмоциональные реакции на различные онлайн-взаимодействия и выявите паттерны.',0,'2025-06-02 09:15:38');
INSERT INTO learning_tasks VALUES(97,59,'Улучшение цифровой коммуникации','Выберите один канал цифровой коммуникации (email, мессенджер, соцсеть) и улучшите качество своего общения, применяя принципы EQ. Измерьте изменения в обратной связи.',0,'2025-06-02 09:15:38');
INSERT INTO learning_tasks VALUES(98,60,'Комплексная EQ-диагностика','Пройдите полную диагностику эмоционального интеллекта, используя несколько инструментов. Получите обратную связь от 5-7 коллег. Создайте карту своих EQ-компетенций.',0,'2025-06-02 09:15:38');
INSERT INTO learning_tasks VALUES(99,60,'Персональный план развития EQ','Создайте детальный план развития эмоционального интеллекта на 12 месяцев. Включите конкретные цели, методы развития, временные рамки и критерии успеха.',0,'2025-06-02 09:15:38');
INSERT INTO learning_tasks VALUES(100,60,'Проект внедрения EQ-культуры','Разработайте и представите проект по внедрению культуры эмоционального интеллекта в своей организации или команде. Включите обоснование, план реализации и ожидаемые результаты.',0,'2025-06-02 09:15:38');
INSERT INTO learning_tasks VALUES(101,61,'Анализ новостной статьи','Выберите новостную статью и проанализируйте её с помощью модели CLEAR. Определите факты, мнения и возможные искажения.',0,'2025-06-02 09:25:38');
INSERT INTO learning_tasks VALUES(102,61,'Выявление когнитивных искажений','В течение дня отслеживайте примеры своих когнитивных искажений. Запишите 3 случая и проанализируйте их.',0,'2025-06-02 09:25:38');
INSERT INTO learning_tasks VALUES(103,62,'Применение техники ''5 почему''','Выберите рабочую проблему и примените технику ''5 почему'' для выявления корневой причины.',0,'2025-06-02 09:25:38');
INSERT INTO learning_tasks VALUES(104,62,'Создание диаграммы Исикавы','Постройте диаграмму Исикавы для анализа проблемы качества или эффективности в вашей работе.',0,'2025-06-02 09:25:38');
INSERT INTO learning_tasks VALUES(105,63,'SCAMPER-анализ','Выберите продукт или процесс и примените метод SCAMPER для генерации идей улучшения.',0,'2025-06-02 09:25:38');
INSERT INTO learning_tasks VALUES(106,63,'Сессия латерального мышления','Используйте технику ''случайного слова'' для решения актуальной рабочей задачи.',0,'2025-06-02 09:25:38');
INSERT INTO learning_tasks VALUES(107,64,'Построение матрицы решений','Создайте матрицу для принятия важного рабочего решения. Определите критерии, веса и оцените альтернативы.',0,'2025-06-02 09:25:38');
INSERT INTO learning_tasks VALUES(108,64,'Анализ по правилу 10-10-10','Примените правило 10-10-10 к текущему выбору в вашей карьере или проекте.',0,'2025-06-02 09:25:38');
INSERT INTO learning_tasks VALUES(109,65,'Критическая оценка исследования','Найдите бизнес-исследование и оцените его по критериям CRAAP. Выявите возможные проблемы с данными.',0,'2025-06-02 09:25:38');
INSERT INTO learning_tasks VALUES(110,65,'Анализ визуализации','Проанализируйте 3 графика из деловых презентаций. Определите, какие могут вводить в заблуждение и почему.',0,'2025-06-02 09:25:38');
INSERT INTO learning_tasks VALUES(111,66,'Системная диаграмма','Создайте диаграмму петель причинности для проблемы в вашей организации. Выявите усиливающие и балансирующие петли.',0,'2025-06-02 09:25:38');
INSERT INTO learning_tasks VALUES(112,66,'Анализ рычагов воздействия','Определите различные уровни рычагов воздействия для решения системной проблемы в вашей сфере.',0,'2025-06-02 09:25:38');
INSERT INTO learning_tasks VALUES(113,67,'Диалектический анализ','Выберите спорный вопрос в вашей области. Сформулируйте тезис, антитезис и найдите возможный синтез.',0,'2025-06-02 09:25:38');
INSERT INTO learning_tasks VALUES(114,67,'Практика активного слушания','В следующем разногласии используйте техники активного слушания. Запишите, как это повлияло на диалог.',0,'2025-06-02 09:25:38');
INSERT INTO learning_tasks VALUES(115,68,'ТРИЗ-анализ','Примените принципы ТРИЗ для решения технической или процессной проблемы в вашей работе.',0,'2025-06-02 09:25:38');
INSERT INTO learning_tasks VALUES(116,68,'Design Thinking проект','Пройдите все 5 этапов Design Thinking для улучшения пользовательского опыта в вашей области.',0,'2025-06-02 09:25:38');
INSERT INTO learning_tasks VALUES(117,69,'Комплексный кейс','Выберите сложную рабочую проблему и примените интегрированную модель. Используйте минимум 5 различных техник из курса.',0,'2025-06-02 09:25:38');
INSERT INTO learning_tasks VALUES(118,69,'Персональный план развития','Создайте план развития навыков решения проблем на 6 месяцев. Включите регулярные практики и метрики прогресса.',0,'2025-06-02 09:25:38');
INSERT INTO learning_tasks VALUES(119,69,'Презентация решения','Подготовьте презентацию своего подхода к решению важной проблемы для коллег, используя изученные принципы.',0,'2025-06-02 09:25:38');
INSERT INTO learning_tasks VALUES(120,70,'Анализ команды','Оцените свою текущую команду по модели Такмана. На какой стадии вы находитесь? Что нужно для перехода к следующей стадии?',0,'2025-06-02 09:27:50');
INSERT INTO learning_tasks VALUES(121,70,'Характеристики команды','Проанализируйте свою команду по 5 характеристикам эффективности. Поставьте оценки от 1 до 10 и определите приоритеты развития.',0,'2025-06-02 09:27:50');
INSERT INTO learning_tasks VALUES(122,71,'Самооценка командной роли','Пройдите тест Белбина или проанализируйте свое поведение в команде. Определите свою основную и дополнительную роли.',0,'2025-06-02 09:27:50');
INSERT INTO learning_tasks VALUES(123,71,'Ролевая карта команды','Создайте карту ролей вашей команды. Выявите пробелы и дублирование. Предложите план оптимизации.',0,'2025-06-02 09:27:50');
INSERT INTO learning_tasks VALUES(124,72,'Аудит доверия','Оцените уровень доверия в вашей команде по пирамиде Ленсиони. На каком уровне находятся основные проблемы?',0,'2025-06-02 09:27:50');
INSERT INTO learning_tasks VALUES(125,72,'План построения доверия','Разработайте 5 конкретных действий для укрепления доверия в команде. Начните с самого простого.',0,'2025-06-02 09:27:50');
INSERT INTO learning_tasks VALUES(126,73,'Коммуникационный аудит','Проанализируйте коммуникационные процессы в команде. Выявите проблемные зоны и предложите улучшения.',0,'2025-06-02 09:27:50');
INSERT INTO learning_tasks VALUES(127,73,'Практика обратной связи','Дайте конструктивную обратную связь одному из коллег по команде, используя изученные техники.',0,'2025-06-02 09:27:50');
INSERT INTO learning_tasks VALUES(128,74,'Анализ процесса принятия решений','Проанализируйте последнее важное решение в вашей команде. Какой метод использовался? Что можно было улучшить?',0,'2025-06-02 09:27:50');
INSERT INTO learning_tasks VALUES(129,74,'Практика консенсуса','Проведите сессию принятия группового решения с использованием техники ''Кулак - пять пальцев''.',0,'2025-06-02 09:27:50');
INSERT INTO learning_tasks VALUES(130,75,'Картирование конфликта','Проанализируйте текущий или недавний конфликт в команде. Определите тип, причины и предложите стратегию разрешения.',0,'2025-06-02 09:27:50');
INSERT INTO learning_tasks VALUES(131,75,'Практика медиации','Выступите посредником в небольшом рабочем разногласии между коллегами, используя изученные техники.',0,'2025-06-02 09:27:50');
INSERT INTO learning_tasks VALUES(132,76,'Диагностика мотивации','Проведите анкетирование команды по факторам мотивации. Выявите ключевые проблемы и возможности.',0,'2025-06-02 09:27:50');
INSERT INTO learning_tasks VALUES(133,76,'План повышения вовлеченности','Разработайте план действий по повышению мотивации одного из участников команды.',0,'2025-06-02 09:27:50');
INSERT INTO learning_tasks VALUES(134,77,'Аудит виртуального сотрудничества','Оцените эффективность виртуального взаимодействия в вашей команде. Выявите проблемы и предложите улучшения.',0,'2025-06-02 09:27:50');
INSERT INTO learning_tasks VALUES(135,77,'Дизайн виртуального тимбилдинга','Разработайте и проведите онлайн-активность для укрепления командного духа.',0,'2025-06-02 09:27:50');
INSERT INTO learning_tasks VALUES(136,78,'Карта компетенций команды','Создайте карту навыков команды. Выявите сильные стороны и пробелы в компетенциях.',0,'2025-06-02 09:27:50');
INSERT INTO learning_tasks VALUES(137,78,'Организация внутреннего обучения','Организуйте сессию внутреннего обучения, где участник команды поделится своей экспертизой с коллегами.',0,'2025-06-02 09:27:50');
INSERT INTO learning_tasks VALUES(138,78,'План развития команды','Разработайте квартальный план развития команды с конкретными активностями и метриками успеха.',0,'2025-06-02 09:27:50');
INSERT INTO learning_tasks VALUES(139,79,'Стратегический план коммуникации','Разработайте план коммуникации для важной инициативы. Проанализируйте стейкхолдеров, выберите стратегию влияния и принципы убеждения.',0,'2025-06-02 09:31:20');
INSERT INTO learning_tasks VALUES(140,79,'Анализ сопротивления','Определите источники сопротивления в текущем проекте и разработайте стратегию их преодоления.',0,'2025-06-02 09:31:20');
INSERT INTO learning_tasks VALUES(141,80,'Подготовка к переговорам','Подготовьтесь к предстоящим переговорам: определите BATNA, исследуйте интересы сторон, выберите стратегию.',0,'2025-06-02 09:31:20');
INSERT INTO learning_tasks VALUES(142,80,'Ролевая игра переговоров','Проведите переговоры с коллегой по сложному рабочему вопросу, применяя изученные техники.',0,'2025-06-02 09:31:20');
INSERT INTO learning_tasks VALUES(143,81,'Executive summary презентация','Создайте 10-минутную презентацию для руководства по важному вопросу, используя структуру SCRAP и элементы сторителлинга.',0,'2025-06-02 09:31:20');
INSERT INTO learning_tasks VALUES(144,81,'Работа с возражениями','Подготовьте ответы на 5 наиболее вероятных возражений к вашей презентации, используя технику ПИРС.',0,'2025-06-02 09:31:20');
INSERT INTO learning_tasks VALUES(145,82,'Аудит личного бренда','Проведите анализ своего текущего личного бренда: определите экспертизу, ценности, позиционирование. Выявите пробелы.',0,'2025-06-02 09:31:20');
INSERT INTO learning_tasks VALUES(146,82,'Стратегия повышения видимости','Разработайте 3-месячный план повышения профессиональной видимости с конкретными действиями и метриками.',0,'2025-06-02 09:31:20');
INSERT INTO learning_tasks VALUES(147,83,'Культурный профиль партнеров','Создайте культурные профили ваших ключевых международных партнеров или клиентов, используя модель Хофстеде.',0,'2025-06-02 09:31:20');
INSERT INTO learning_tasks VALUES(148,83,'Адаптация коммуникационного стиля','Разработайте план адаптации вашего стиля коммуникации для работы с представителями конкретной культуры.',0,'2025-06-02 09:31:20');
INSERT INTO learning_tasks VALUES(149,84,'Аудит цифрового присутствия','Проведите полный аудит вашего цифрового присутствия: профили, контент, вовлеченность. Определите сильные и слабые стороны.',0,'2025-06-02 09:31:20');
INSERT INTO learning_tasks VALUES(150,84,'Контент-стратегия','Разработайте месячную контент-стратегию для LinkedIn с календарем публикаций и метриками успеха.',0,'2025-06-02 09:31:20');
INSERT INTO learning_tasks VALUES(151,85,'План кризисной коммуникации','Разработайте план кризисной коммуникации для вашей организации: определите потенциальные риски, команду реагирования и key messages.',0,'2025-06-02 09:31:20');
INSERT INTO learning_tasks VALUES(152,85,'Симуляция кризиса','Проведите тренировку кризисной коммуникации: создайте сценарий и отработайте реагирование в течение первых 2 часов.',0,'2025-06-02 09:31:20');
INSERT INTO learning_tasks VALUES(153,86,'Разработка видения','Создайте убедительное видение для вашей команды или проекта, используя технику ''Золотой круг'' и формулу видения.',0,'2025-06-02 09:31:20');
INSERT INTO learning_tasks VALUES(154,86,'Лидерская история','Подготовьте и расскажите личную лидерскую историю, которая вдохновит команду на достижение общих целей.',0,'2025-06-02 09:31:20');
INSERT INTO learning_tasks VALUES(155,86,'План коммуникации изменений','Разработайте план коммуникации для важного изменения в организации, используя модель ADKAR и 8 шагов Коттера.',0,'2025-06-02 09:31:20');
CREATE TABLE user_progress (
	id INTEGER NOT NULL, 
	user_id INTEGER, 
	course_id INTEGER, 
	completed_lessons INTEGER, 
	total_lessons INTEGER, 
	progress_percentage FLOAT, 
	last_accessed DATETIME, 
	total_time_spent INTEGER, 
	average_score FLOAT, 
	created_at DATETIME DEFAULT (CURRENT_TIMESTAMP), 
	updated_at DATETIME, 
	PRIMARY KEY (id), 
	FOREIGN KEY(user_id) REFERENCES users (id), 
	FOREIGN KEY(course_id) REFERENCES courses (id)
);
CREATE TABLE material_progress (
	id INTEGER NOT NULL, 
	user_id INTEGER, 
	material_id INTEGER, 
	status VARCHAR(11), 
	completed_at DATETIME, 
	time_spent INTEGER, 
	experience_gained INTEGER, 
	created_at DATETIME DEFAULT (CURRENT_TIMESTAMP), 
	updated_at DATETIME, 
	PRIMARY KEY (id), 
	FOREIGN KEY(user_id) REFERENCES users (id), 
	FOREIGN KEY(material_id) REFERENCES learning_materials (id)
);
CREATE TABLE achievements (
	id INTEGER NOT NULL, 
	title VARCHAR NOT NULL, 
	description VARCHAR, 
	badge_image VARCHAR, 
	required_courses INTEGER, 
	required_lessons INTEGER, 
	required_score FLOAT, 
	created_at DATETIME DEFAULT (CURRENT_TIMESTAMP), 
	PRIMARY KEY (id)
);
INSERT INTO achievements VALUES(1,'Первые шаги','Завершите свой первый курс','🎯',1,0,0.0,'2025-06-02 12:20:17');
INSERT INTO achievements VALUES(2,'Студент','Завершите 3 курса','📚',3,0,0.0,'2025-06-02 12:20:17');
INSERT INTO achievements VALUES(3,'Эксперт','Завершите 5 курсов','🏆',5,0,0.0,'2025-06-02 12:20:17');
INSERT INTO achievements VALUES(4,'Отличник','Получите 10 отличных оценок','⭐',0,0,0.0,'2025-06-02 12:20:17');
INSERT INTO achievements VALUES(5,'Марафонец','Завершите 20 уроков','🏃‍♂️',0,20,0.0,'2025-06-02 12:20:17');
INSERT INTO achievements VALUES(6,'Первооткрыватель','Начните первый урок','🚀',0,1,0.0,'2025-06-02 12:20:17');
INSERT INTO achievements VALUES(7,'Мастер коммуникации','Завершите 2 курса по коммуникации','💬',2,0,0.0,'2025-06-02 12:20:17');
INSERT INTO achievements VALUES(8,'Лидер','Завершите курс лидерства','👑',1,0,0.0,'2025-06-02 12:20:17');
CREATE TABLE user_game_profiles (
	id INTEGER NOT NULL, 
	user_id INTEGER, 
	level INTEGER, 
	experience INTEGER, 
	total_points INTEGER, 
	courses_completed INTEGER, 
	lessons_completed INTEGER, 
	perfect_scores INTEGER, 
	login_streak INTEGER, 
	longest_streak INTEGER, 
	badges JSON, 
	titles JSON, 
	last_login DATETIME, 
	last_action DATETIME, 
	created_at DATETIME DEFAULT (CURRENT_TIMESTAMP), 
	updated_at DATETIME, experience_points INTEGER DEFAULT 0, 
	PRIMARY KEY (id), 
	FOREIGN KEY(user_id) REFERENCES users (id)
);
INSERT INTO user_game_profiles VALUES(1,1,1,NULL,NULL,0,0,0,0,0,'[]','[]',NULL,NULL,'2025-06-02 12:20:17',NULL,0);
INSERT INTO user_game_profiles VALUES(2,3,3,0,0,3,0,0,0,0,'[]','[]',NULL,'2025-06-02 14:03:51.974943','2025-06-02 13:40:00','2025-06-02 14:03:51',350);
INSERT INTO user_game_profiles VALUES(3,10,4,0,0,3,17,17,0,0,'[]','[]',NULL,'2025-06-02 16:48:15.528913','2025-06-02 14:34:09','2025-06-02 16:48:15',888);
INSERT INTO user_game_profiles VALUES(4,9,1,0,0,0,0,0,0,0,'[]','[]',NULL,'2025-06-02 15:18:00.484074','2025-06-02 15:11:51','2025-06-02 15:18:00',49);
CREATE TABLE rewards (
	id INTEGER NOT NULL, 
	title VARCHAR NOT NULL, 
	description VARCHAR, 
	reward_type VARCHAR, 
	image_url VARCHAR, 
	required_level INTEGER, 
	required_points INTEGER, 
	created_at DATETIME DEFAULT (CURRENT_TIMESTAMP), 
	PRIMARY KEY (id)
);
CREATE TABLE leaderboards (
	id INTEGER NOT NULL, 
	user_id INTEGER, 
	period VARCHAR, 
	score INTEGER, 
	rank INTEGER, 
	updated_at DATETIME, 
	created_at DATETIME DEFAULT (CURRENT_TIMESTAMP), 
	PRIMARY KEY (id), 
	FOREIGN KEY(user_id) REFERENCES users (id)
);
CREATE TABLE lesson_progress (
	id INTEGER NOT NULL, 
	user_progress_id INTEGER, 
	lesson_id INTEGER, 
	status VARCHAR(11), 
	score FLOAT, 
	time_spent INTEGER, 
	completed_at DATETIME, 
	notes VARCHAR, 
	last_position INTEGER, 
	created_at DATETIME DEFAULT (CURRENT_TIMESTAMP), 
	updated_at DATETIME, 
	PRIMARY KEY (id), 
	FOREIGN KEY(user_progress_id) REFERENCES user_progress (id), 
	FOREIGN KEY(lesson_id) REFERENCES lessons (id)
);
CREATE TABLE user_achievements (
	id INTEGER NOT NULL, 
	user_id INTEGER, 
	achievement_id INTEGER, 
	achieved_at DATETIME DEFAULT (CURRENT_TIMESTAMP), 
	PRIMARY KEY (id), 
	FOREIGN KEY(user_id) REFERENCES users (id), 
	FOREIGN KEY(achievement_id) REFERENCES achievements (id)
);
INSERT INTO user_achievements VALUES(1,3,1,'2025-06-02 13:40:15.086916');
INSERT INTO user_achievements VALUES(2,3,4,'2025-06-02 13:40:15.087217');
INSERT INTO user_achievements VALUES(3,3,8,'2025-06-02 13:40:15.087553');
INSERT INTO user_achievements VALUES(4,3,7,'2025-06-02 13:40:39.825161');
INSERT INTO user_achievements VALUES(5,3,2,'2025-06-02 13:40:47.030749');
INSERT INTO user_achievements VALUES(6,3,3,'2025-06-02 14:02:13.190739');
INSERT INTO user_achievements VALUES(7,10,1,'2025-06-02 14:34:13.743528');
INSERT INTO user_achievements VALUES(8,10,4,'2025-06-02 14:34:13.744163');
INSERT INTO user_achievements VALUES(9,10,8,'2025-06-02 14:34:13.744878');
INSERT INTO user_achievements VALUES(10,10,6,'2025-06-02 14:34:42.591042');
INSERT INTO user_achievements VALUES(11,10,7,'2025-06-02 14:37:02.323105');
INSERT INTO user_achievements VALUES(12,10,2,'2025-06-02 14:39:13.561627');
CREATE TABLE user_activities (
	id INTEGER NOT NULL, 
	profile_id INTEGER, 
	action_type VARCHAR(16), 
	points_earned INTEGER, 
	exp_earned INTEGER, 
	action_details JSON, 
	created_at DATETIME DEFAULT (CURRENT_TIMESTAMP), 
	PRIMARY KEY (id), 
	FOREIGN KEY(profile_id) REFERENCES user_game_profiles (id)
);
CREATE TABLE user_rewards (
	id INTEGER NOT NULL, 
	profile_id INTEGER, 
	reward_id INTEGER, 
	acquired_at DATETIME DEFAULT (CURRENT_TIMESTAMP), 
	is_equipped INTEGER, 
	PRIMARY KEY (id), 
	FOREIGN KEY(profile_id) REFERENCES user_game_profiles (id), 
	FOREIGN KEY(reward_id) REFERENCES rewards (id)
);
CREATE TABLE quizzes (
	id INTEGER NOT NULL, 
	lesson_id INTEGER, 
	title VARCHAR NOT NULL, 
	description TEXT, 
	time_limit INTEGER, 
	passing_score FLOAT, 
	attempts_allowed INTEGER, 
	is_randomized BOOLEAN, 
	created_at DATETIME DEFAULT (CURRENT_TIMESTAMP), 
	updated_at DATETIME, 
	PRIMARY KEY (id), 
	FOREIGN KEY(lesson_id) REFERENCES lessons (id)
);
CREATE TABLE notifications (
	id INTEGER NOT NULL, 
	user_id INTEGER, 
	type VARCHAR(20), 
	title VARCHAR NOT NULL, 
	message TEXT NOT NULL, 
	data JSON, 
	is_read BOOLEAN, 
	is_email_sent BOOLEAN, 
	icon VARCHAR, 
	color VARCHAR, 
	action_url VARCHAR, 
	created_at DATETIME DEFAULT (CURRENT_TIMESTAMP), 
	read_at DATETIME, 
	PRIMARY KEY (id), 
	FOREIGN KEY(user_id) REFERENCES users (id)
);
CREATE TABLE notification_preferences (
	id INTEGER NOT NULL, 
	user_id INTEGER, 
	discussion_replies BOOLEAN, 
	solution_marked BOOLEAN, 
	course_updates BOOLEAN, 
	achievements BOOLEAN, 
	quiz_results BOOLEAN, 
	level_ups BOOLEAN, 
	reviews BOOLEAN, 
	course_completion BOOLEAN, 
	assignment_reminders BOOLEAN, 
	system_updates BOOLEAN, 
	email_notifications BOOLEAN, 
	push_notifications BOOLEAN, 
	email_digest_frequency VARCHAR, 
	created_at DATETIME DEFAULT (CURRENT_TIMESTAMP), 
	updated_at DATETIME, 
	PRIMARY KEY (id), 
	FOREIGN KEY(user_id) REFERENCES users (id)
);
CREATE TABLE discussions (
	id INTEGER NOT NULL, 
	title VARCHAR NOT NULL, 
	content TEXT NOT NULL, 
	content_type VARCHAR(10), 
	content_id INTEGER, 
	author_id INTEGER, 
	is_pinned BOOLEAN, 
	is_answered BOOLEAN, 
	view_count INTEGER, 
	vote_count INTEGER, 
	created_at DATETIME DEFAULT (CURRENT_TIMESTAMP), 
	updated_at DATETIME, 
	PRIMARY KEY (id), 
	FOREIGN KEY(author_id) REFERENCES users (id)
);
CREATE TABLE reviews (
	id INTEGER NOT NULL, 
	course_id INTEGER, 
	author_id INTEGER, 
	rating FLOAT NOT NULL, 
	content TEXT, 
	helpful_count INTEGER, 
	created_at DATETIME DEFAULT (CURRENT_TIMESTAMP), 
	updated_at DATETIME, 
	PRIMARY KEY (id), 
	FOREIGN KEY(course_id) REFERENCES courses (id), 
	FOREIGN KEY(author_id) REFERENCES users (id)
);
CREATE TABLE questions (
	id INTEGER NOT NULL, 
	quiz_id INTEGER, 
	type VARCHAR, 
	text TEXT NOT NULL, 
	options JSON, 
	correct_answer JSON, 
	points FLOAT, 
	explanation TEXT, 
	code_template TEXT, 
	test_cases JSON, 
	created_at DATETIME DEFAULT (CURRENT_TIMESTAMP), 
	PRIMARY KEY (id), 
	FOREIGN KEY(quiz_id) REFERENCES quizzes (id)
);
CREATE TABLE quiz_attempts (
	id INTEGER NOT NULL, 
	quiz_id INTEGER, 
	user_id INTEGER, 
	started_at DATETIME DEFAULT (CURRENT_TIMESTAMP), 
	completed_at DATETIME, 
	score FLOAT, 
	max_score FLOAT, 
	passed BOOLEAN, 
	PRIMARY KEY (id), 
	FOREIGN KEY(quiz_id) REFERENCES quizzes (id), 
	FOREIGN KEY(user_id) REFERENCES users (id)
);
CREATE TABLE discussion_replies (
	id INTEGER NOT NULL, 
	content TEXT NOT NULL, 
	discussion_id INTEGER, 
	author_id INTEGER, 
	parent_id INTEGER, 
	is_solution BOOLEAN, 
	vote_count INTEGER, 
	created_at DATETIME DEFAULT (CURRENT_TIMESTAMP), 
	updated_at DATETIME, 
	PRIMARY KEY (id), 
	FOREIGN KEY(discussion_id) REFERENCES discussions (id), 
	FOREIGN KEY(author_id) REFERENCES users (id), 
	FOREIGN KEY(parent_id) REFERENCES discussion_replies (id)
);
CREATE TABLE discussion_votes (
	id INTEGER NOT NULL, 
	user_id INTEGER, 
	discussion_id INTEGER, 
	value INTEGER, 
	created_at DATETIME DEFAULT (CURRENT_TIMESTAMP), 
	PRIMARY KEY (id), 
	FOREIGN KEY(user_id) REFERENCES users (id), 
	FOREIGN KEY(discussion_id) REFERENCES discussions (id)
);
CREATE TABLE review_helpful (
	id INTEGER NOT NULL, 
	review_id INTEGER, 
	user_id INTEGER, 
	created_at DATETIME DEFAULT (CURRENT_TIMESTAMP), 
	PRIMARY KEY (id), 
	FOREIGN KEY(review_id) REFERENCES reviews (id), 
	FOREIGN KEY(user_id) REFERENCES users (id)
);
CREATE TABLE question_responses (
	id INTEGER NOT NULL, 
	attempt_id INTEGER, 
	question_id INTEGER, 
	answer JSON, 
	is_correct BOOLEAN, 
	points_earned FLOAT, 
	feedback TEXT, 
	created_at DATETIME DEFAULT (CURRENT_TIMESTAMP), 
	PRIMARY KEY (id), 
	FOREIGN KEY(attempt_id) REFERENCES quiz_attempts (id), 
	FOREIGN KEY(question_id) REFERENCES questions (id)
);
CREATE TABLE reply_votes (
	id INTEGER NOT NULL, 
	user_id INTEGER, 
	reply_id INTEGER, 
	value INTEGER, 
	created_at DATETIME DEFAULT (CURRENT_TIMESTAMP), 
	PRIMARY KEY (id), 
	FOREIGN KEY(user_id) REFERENCES users (id), 
	FOREIGN KEY(reply_id) REFERENCES discussion_replies (id)
);
CREATE TABLE courses (
	id INTEGER NOT NULL, 
	title VARCHAR NOT NULL, 
	description TEXT, 
	skill_type VARCHAR(22) NOT NULL, 
	difficulty_level VARCHAR(12) NOT NULL, 
	duration_hours INTEGER, 
	price FLOAT, 
	is_published BOOLEAN, 
	author_id INTEGER, 
	created_at DATETIME DEFAULT (CURRENT_TIMESTAMP), 
	updated_at DATETIME, 
	PRIMARY KEY (id), 
	FOREIGN KEY(author_id) REFERENCES users (id)
);
INSERT INTO courses VALUES(1,'Основы коммуникации','Изучите основы эффективного общения','COMMUNICATION','BEGINNER',10,0.0,1,NULL,'2025-06-02 08:34:30',NULL);
INSERT INTO courses VALUES(2,'Лидерство в команде','Развитие лидерских навыков','LEADERSHIP','INTERMEDIATE',15,0.0,1,NULL,'2025-06-02 08:34:30',NULL);
INSERT INTO courses VALUES(3,'Управление временем','Эффективное планирование времени','TIME_MANAGEMENT','BEGINNER',8,0.0,1,NULL,'2025-06-02 08:34:30',NULL);
INSERT INTO courses VALUES(4,'Эмоциональный интеллект в профессиональной среде','Развитие навыков управления эмоциями и эффективного взаимодействия с коллегами','EMOTIONAL_INTELLIGENCE','INTERMEDIATE',11,0.0,1,NULL,'2025-06-02 08:59:43','2025-06-02 09:15:38');
INSERT INTO courses VALUES(5,'Решение проблем и критическое мышление','Развитие навыков анализа, поиска решений и принятия обоснованных решений','PROBLEM_SOLVING','INTERMEDIATE',9,0.0,1,NULL,'2025-06-02 09:23:39',NULL);
INSERT INTO courses VALUES(6,'Командная работа и сотрудничество','Эффективное взаимодействие в команде, построение доверия и достижение общих целей','TEAMWORK','BEGINNER',8,0.0,1,NULL,'2025-06-02 09:23:39',NULL);
INSERT INTO courses VALUES(7,'Продвинутая деловая коммуникация','Мастерство делового общения: переговоры, презентации и влияние','COMMUNICATION','ADVANCED',9,0.0,1,NULL,'2025-06-02 09:23:39','2025-06-02 09:31:20');
CREATE TABLE course_lessons (
	id INTEGER NOT NULL, 
	course_id INTEGER NOT NULL, 
	material_id INTEGER NOT NULL, 
	order_position INTEGER, 
	is_required BOOLEAN, 
	created_at DATETIME DEFAULT (CURRENT_TIMESTAMP), 
	PRIMARY KEY (id), 
	FOREIGN KEY(course_id) REFERENCES courses (id), 
	FOREIGN KEY(material_id) REFERENCES learning_materials (id)
);
INSERT INTO course_lessons VALUES(9,3,21,1,1,'2025-06-02T04:00:44.512511');
INSERT INTO course_lessons VALUES(10,3,22,2,1,'2025-06-02T04:00:44.512527');
INSERT INTO course_lessons VALUES(11,3,23,3,1,'2025-06-02T04:00:44.512544');
INSERT INTO course_lessons VALUES(12,1,24,1,1,'2025-06-02 08:35:10');
INSERT INTO course_lessons VALUES(13,1,25,2,1,'2025-06-02 08:35:10');
INSERT INTO course_lessons VALUES(14,1,26,3,1,'2025-06-02 08:35:10');
INSERT INTO course_lessons VALUES(15,1,27,4,1,'2025-06-02 08:35:10');
INSERT INTO course_lessons VALUES(16,1,28,5,1,'2025-06-02 08:35:10');
INSERT INTO course_lessons VALUES(17,1,29,6,1,'2025-06-02 08:35:10');
INSERT INTO course_lessons VALUES(18,1,30,7,1,'2025-06-02 08:35:10');
INSERT INTO course_lessons VALUES(19,1,31,8,1,'2025-06-02 08:35:10');
INSERT INTO course_lessons VALUES(20,1,32,9,1,'2025-06-02 08:35:10');
INSERT INTO course_lessons VALUES(21,1,33,10,1,'2025-06-02 08:36:46');
INSERT INTO course_lessons VALUES(22,2,34,1,1,'2025-06-02 08:47:29');
INSERT INTO course_lessons VALUES(23,2,35,2,1,'2025-06-02 08:47:29');
INSERT INTO course_lessons VALUES(24,2,36,3,1,'2025-06-02 08:47:33');
INSERT INTO course_lessons VALUES(25,2,37,4,1,'2025-06-02 08:47:33');
INSERT INTO course_lessons VALUES(26,2,38,5,1,'2025-06-02 08:47:33');
INSERT INTO course_lessons VALUES(27,2,39,6,1,'2025-06-02 08:47:33');
INSERT INTO course_lessons VALUES(28,2,40,7,1,'2025-06-02 08:47:33');
INSERT INTO course_lessons VALUES(29,2,41,8,1,'2025-06-02 08:47:33');
INSERT INTO course_lessons VALUES(30,2,42,9,1,'2025-06-02 08:47:33');
INSERT INTO course_lessons VALUES(31,2,43,10,1,'2025-06-02 08:47:33');
INSERT INTO course_lessons VALUES(32,4,44,1,1,'2025-06-02 08:59:43');
INSERT INTO course_lessons VALUES(33,4,45,2,1,'2025-06-02 09:01:14');
INSERT INTO course_lessons VALUES(34,4,46,3,1,'2025-06-02 09:01:14');
INSERT INTO course_lessons VALUES(35,4,47,4,1,'2025-06-02 09:01:14');
INSERT INTO course_lessons VALUES(36,4,48,5,1,'2025-06-02 09:01:14');
INSERT INTO course_lessons VALUES(37,3,49,4,1,'2025-06-02 09:10:14');
INSERT INTO course_lessons VALUES(38,3,50,5,1,'2025-06-02 09:10:14');
INSERT INTO course_lessons VALUES(39,3,51,6,1,'2025-06-02 09:10:14');
INSERT INTO course_lessons VALUES(40,3,52,7,1,'2025-06-02 09:10:14');
INSERT INTO course_lessons VALUES(41,3,53,8,1,'2025-06-02 09:10:14');
INSERT INTO course_lessons VALUES(42,3,54,9,1,'2025-06-02 09:10:14');
INSERT INTO course_lessons VALUES(43,3,55,10,1,'2025-06-02 09:10:14');
INSERT INTO course_lessons VALUES(44,4,56,6,1,'2025-06-02 09:15:38');
INSERT INTO course_lessons VALUES(45,4,57,7,1,'2025-06-02 09:15:38');
INSERT INTO course_lessons VALUES(46,4,58,8,1,'2025-06-02 09:15:38');
INSERT INTO course_lessons VALUES(47,4,59,9,1,'2025-06-02 09:15:38');
INSERT INTO course_lessons VALUES(48,4,60,10,1,'2025-06-02 09:15:38');
INSERT INTO course_lessons VALUES(49,5,61,1,1,'2025-06-02 09:25:38');
INSERT INTO course_lessons VALUES(50,5,62,2,1,'2025-06-02 09:25:38');
INSERT INTO course_lessons VALUES(51,5,63,3,1,'2025-06-02 09:25:38');
INSERT INTO course_lessons VALUES(52,5,64,4,1,'2025-06-02 09:25:38');
INSERT INTO course_lessons VALUES(53,5,65,5,1,'2025-06-02 09:25:38');
INSERT INTO course_lessons VALUES(54,5,66,6,1,'2025-06-02 09:25:38');
INSERT INTO course_lessons VALUES(55,5,67,7,1,'2025-06-02 09:25:38');
INSERT INTO course_lessons VALUES(56,5,68,8,1,'2025-06-02 09:25:38');
INSERT INTO course_lessons VALUES(57,5,69,9,1,'2025-06-02 09:25:38');
INSERT INTO course_lessons VALUES(58,6,70,1,1,'2025-06-02 09:27:50');
INSERT INTO course_lessons VALUES(59,6,71,2,1,'2025-06-02 09:27:50');
INSERT INTO course_lessons VALUES(60,6,72,3,1,'2025-06-02 09:27:50');
INSERT INTO course_lessons VALUES(61,6,73,4,1,'2025-06-02 09:27:50');
INSERT INTO course_lessons VALUES(62,6,74,5,1,'2025-06-02 09:27:50');
INSERT INTO course_lessons VALUES(63,6,75,6,1,'2025-06-02 09:27:50');
INSERT INTO course_lessons VALUES(64,6,76,7,1,'2025-06-02 09:27:50');
INSERT INTO course_lessons VALUES(65,6,77,8,1,'2025-06-02 09:27:50');
INSERT INTO course_lessons VALUES(66,6,78,9,1,'2025-06-02 09:27:50');
INSERT INTO course_lessons VALUES(67,7,79,1,1,'2025-06-02 09:31:20');
INSERT INTO course_lessons VALUES(68,7,80,2,1,'2025-06-02 09:31:20');
INSERT INTO course_lessons VALUES(69,7,81,3,1,'2025-06-02 09:31:20');
INSERT INTO course_lessons VALUES(70,7,82,4,1,'2025-06-02 09:31:20');
INSERT INTO course_lessons VALUES(71,7,83,5,1,'2025-06-02 09:31:20');
INSERT INTO course_lessons VALUES(72,7,84,6,1,'2025-06-02 09:31:20');
INSERT INTO course_lessons VALUES(73,7,85,7,1,'2025-06-02 09:31:20');
INSERT INTO course_lessons VALUES(74,7,86,8,1,'2025-06-02 09:31:20');
INSERT INTO course_lessons VALUES(75,1,3,11,1,'2025-06-02 09:47:10');
INSERT INTO course_lessons VALUES(76,1,11,12,1,'2025-06-02 09:47:10');
CREATE TABLE course_enrollments (
	id INTEGER NOT NULL, 
	user_id INTEGER NOT NULL, 
	course_id INTEGER NOT NULL, 
	enrolled_at DATETIME DEFAULT (CURRENT_TIMESTAMP), 
	is_active BOOLEAN, 
	PRIMARY KEY (id), 
	FOREIGN KEY(user_id) REFERENCES users (id), 
	FOREIGN KEY(course_id) REFERENCES courses (id)
);
CREATE TABLE course_exams (
	id INTEGER NOT NULL, 
	course_id INTEGER NOT NULL, 
	title VARCHAR NOT NULL, 
	description TEXT, 
	passing_score INTEGER, 
	time_limit_minutes INTEGER, 
	questions TEXT, 
	created_at DATETIME DEFAULT (CURRENT_TIMESTAMP), 
	updated_at DATETIME, 
	PRIMARY KEY (id), 
	FOREIGN KEY(course_id) REFERENCES courses (id)
);
CREATE TABLE course_completions (
	id INTEGER NOT NULL, 
	user_id INTEGER NOT NULL, 
	course_id INTEGER NOT NULL, 
	completed_at DATETIME DEFAULT (CURRENT_TIMESTAMP), 
	final_score INTEGER, 
	PRIMARY KEY (id), 
	FOREIGN KEY(user_id) REFERENCES users (id), 
	FOREIGN KEY(course_id) REFERENCES courses (id)
);
INSERT INTO course_completions VALUES(1,3,1,'2025-06-02 14:03:51.950565',NULL);
INSERT INTO course_completions VALUES(2,3,2,'2025-06-02 14:03:51.964547',NULL);
INSERT INTO course_completions VALUES(3,3,3,'2025-06-02 14:03:51.974866',NULL);
INSERT INTO course_completions VALUES(4,10,1,'2025-06-02 14:34:13.732745',NULL);
INSERT INTO course_completions VALUES(5,10,3,'2025-06-02 14:37:02.310001',NULL);
INSERT INTO course_completions VALUES(6,10,6,'2025-06-02 14:39:13.550496',NULL);
CREATE TABLE exam_attempts (
	id INTEGER NOT NULL, 
	user_id INTEGER NOT NULL, 
	exam_id INTEGER NOT NULL, 
	answers TEXT, 
	score INTEGER, 
	passed BOOLEAN, 
	started_at DATETIME DEFAULT (CURRENT_TIMESTAMP), 
	completed_at DATETIME, 
	PRIMARY KEY (id), 
	FOREIGN KEY(user_id) REFERENCES users (id), 
	FOREIGN KEY(exam_id) REFERENCES course_exams (id)
);
CREATE TABLE certificates (
	id INTEGER NOT NULL, 
	completion_id INTEGER NOT NULL, 
	certificate_number VARCHAR NOT NULL, 
	issued_at DATETIME DEFAULT (CURRENT_TIMESTAMP), 
	template_data TEXT, 
	PRIMARY KEY (id), 
	FOREIGN KEY(completion_id) REFERENCES course_completions (id), 
	UNIQUE (certificate_number)
);
CREATE INDEX ix_users_id ON users (id);
CREATE UNIQUE INDEX ix_users_email ON users (email);
CREATE INDEX ix_soft_skills_id ON soft_skills (id);
CREATE INDEX ix_skill_questions_id ON skill_questions (id);
CREATE INDEX ix_skill_assessments_id ON skill_assessments (id);
CREATE INDEX ix_modules_id ON modules (id);
CREATE INDEX ix_question_options_id ON question_options (id);
CREATE INDEX ix_user_skill_assessments_id ON user_skill_assessments (id);
CREATE INDEX ix_lessons_id ON lessons (id);
CREATE INDEX ix_user_answers_id ON user_answers (id);
CREATE INDEX ix_daily_tasks_id ON daily_tasks (id);
CREATE INDEX ix_user_levels_id ON user_levels (id);
CREATE INDEX ix_task_completions_id ON task_completions (id);
CREATE INDEX ix_user_daily_task_assignments_id ON user_daily_task_assignments (id);
CREATE INDEX ix_learning_materials_id ON learning_materials (id);
CREATE INDEX ix_learning_tasks_id ON learning_tasks (id);
CREATE INDEX ix_user_progress_id ON user_progress (id);
CREATE INDEX ix_material_progress_id ON material_progress (id);
CREATE INDEX ix_achievements_id ON achievements (id);
CREATE INDEX ix_user_game_profiles_id ON user_game_profiles (id);
CREATE INDEX ix_rewards_id ON rewards (id);
CREATE INDEX ix_leaderboards_id ON leaderboards (id);
CREATE INDEX ix_lesson_progress_id ON lesson_progress (id);
CREATE INDEX ix_user_achievements_id ON user_achievements (id);
CREATE INDEX ix_user_activities_id ON user_activities (id);
CREATE INDEX ix_user_rewards_id ON user_rewards (id);
CREATE INDEX ix_quizzes_id ON quizzes (id);
CREATE INDEX ix_notifications_id ON notifications (id);
CREATE INDEX ix_notification_preferences_id ON notification_preferences (id);
CREATE INDEX ix_discussions_id ON discussions (id);
CREATE INDEX ix_reviews_id ON reviews (id);
CREATE INDEX ix_questions_id ON questions (id);
CREATE INDEX ix_quiz_attempts_id ON quiz_attempts (id);
CREATE INDEX ix_discussion_replies_id ON discussion_replies (id);
CREATE INDEX ix_discussion_votes_id ON discussion_votes (id);
CREATE INDEX ix_review_helpful_id ON review_helpful (id);
CREATE INDEX ix_question_responses_id ON question_responses (id);
CREATE INDEX ix_reply_votes_id ON reply_votes (id);
CREATE INDEX ix_courses_title ON courses (title);
CREATE INDEX ix_courses_id ON courses (id);
CREATE INDEX ix_course_lessons_id ON course_lessons (id);
CREATE INDEX ix_course_enrollments_id ON course_enrollments (id);
CREATE INDEX ix_course_exams_id ON course_exams (id);
CREATE INDEX ix_course_completions_id ON course_completions (id);
CREATE INDEX ix_exam_attempts_id ON exam_attempts (id);
CREATE INDEX ix_certificates_id ON certificates (id);
COMMIT;
